date,time,consumption_kwh,temperature,humidity,occupants
2026-01-01,00:00,1.01,14.7,74.2,4
2026-01-01,01:00,1.31,14.9,74.5,4
2026-01-01,02:00,1.04,14.7,73.7,4
2026-01-01,03:00,1.25,15.0,62.2,4
2026-01-01,04:00,0.94,15.8,68.5,4
2026-01-01,05:00,1.18,15.5,63.1,4
2026-01-01,06:00,2.41,18.5,62.7,4
2026-01-01,07:00,2.32,21.3,60.9,4
2026-01-01,08:00,1.73,21.0,54.8,1
2026-01-01,09:00,2.17,22.1,52.5,1
2026-01-01,10:00,1.83,20.5,55.9,2
2026-01-01,11:00,1.67,22.4,54.7,2
2026-01-01,12:00,1.5,20.3,53.2,1
2026-01-01,13:00,1.31,23.0,57.4,1
2026-01-01,14:00,1.47,21.5,56.8,1
2026-01-01,15:00,1.86,21.0,63.1,2
2026-01-01,16:00,1.62,18.4,61.5,1
2026-01-01,17:00,2.89,19.5,63.6,2
2026-01-01,18:00,3.44,18.8,64.9,4
2026-01-01,19:00,3.44,17.6,71.1,4
2026-01-01,20:00,2.8,17.4,73.1,3
2026-01-01,21:00,3.18,16.0,73.9,4
2026-01-01,22:00,1.82,15.7,74.7,4
2026-01-01,23:00,1.72,13.9,72.6,3
2026-01-02,00:00,1.07,15.2,78.1,4
2026-01-02,01:00,1.25,15.7,74.0,4
2026-01-02,02:00,1.01,15.3,74.1,4
2026-01-02,03:00,1.14,14.8,70.9,4
2026-01-02,04:00,1.1,14.4,68.6,4
2026-01-02,05:00,1.11,17.6,64.5,4
2026-01-02,06:00,2.4,18.5,66.6,4
2026-01-02,07:00,2.45,20.6,60.2,3
2026-01-02,08:00,1.86,22.1,57.2,1
2026-01-02,09:00,1.98,20.8,59.8,1
2026-01-02,10:00,1.78,21.6,59.5,1
2026-01-02,11:00,1.73,24.4,52.4,2
2026-01-02,12:00,1.98,22.0,58.1,2
2026-01-02,13:00,1.52,23.3,56.4,1
2026-01-02,14:00,1.8,22.4,54.3,2
2026-01-02,15:00,1.55,19.7,61.9,1
2026-01-02,16:00,1.67,19.4,59.8,2
2026-01-02,17:00,3.17,19.5,68.1,2
2026-01-02,18:00,2.86,15.9,68.1,4
2026-01-02,19:00,3.5,18.3,73.9,4
2026-01-02,20:00,3.48,16.4,73.1,4
2026-01-02,21:00,3.15,16.5,74.2,3
2026-01-02,22:00,1.78,13.7,76.6,4
2026-01-02,23:00,2.14,13.6,77.3,4
2026-01-03,00:00,0.8,16.1,80.3,4
2026-01-03,01:00,1.14,14.6,76.3,4
2026-01-03,02:00,0.85,16.2,76.4,4
2026-01-03,03:00,1.15,17.0,67.1,4
2026-01-03,04:00,1.08,16.8,69.0,4
2026-01-03,05:00,1.16,20.0,63.6,4
2026-01-03,06:00,2.39,19.6,65.0,4
2026-01-03,07:00,2.51,21.3,61.9,4
2026-01-03,08:00,2.62,22.1,54.5,3
2026-01-03,09:00,2.4,23.9,53.5,3
2026-01-03,10:00,2.3,23.7,56.9,4
2026-01-03,11:00,2.74,27.9,56.7,4
2026-01-03,12:00,2.17,24.3,57.3,4
2026-01-03,13:00,2.18,23.6,54.0,4
2026-01-03,14:00,2.42,21.5,58.2,3
2026-01-03,15:00,1.83,19.1,62.1,3
2026-01-03,16:00,2.23,19.8,65.7,4
2026-01-03,17:00,3.39,18.1,62.9,3
2026-01-03,18:00,2.99,21.2,73.1,3
2026-01-03,19:00,3.44,17.6,68.0,4
2026-01-03,20:00,2.92,15.7,77.1,3
2026-01-03,21:00,3.59,15.2,79.0,4
2026-01-03,22:00,1.46,16.0,79.6,4
2026-01-03,23:00,1.49,14.9,78.8,4
2026-01-04,00:00,0.57,15.4,80.3,4
2026-01-04,01:00,0.95,14.8,72.9,4
2026-01-04,02:00,1.22,18.6,76.0,4
2026-01-04,03:00,1.08,15.8,73.5,4
2026-01-04,04:00,1.08,18.3,67.8,4
2026-01-04,05:00,0.86,20.4,69.8,4
2026-01-04,06:00,2.44,21.5,62.6,4
2026-01-04,07:00,2.55,20.9,59.4,4
2026-01-04,08:00,2.53,21.7,56.9,3
2026-01-04,09:00,2.44,23.5,58.8,4
2026-01-04,10:00,1.95,24.2,53.2,4
2026-01-04,11:00,2.39,22.3,53.0,4
2026-01-04,12:00,2.07,25.5,54.0,3
2026-01-04,13:00,2.36,23.5,56.4,4
2026-01-04,14:00,2.03,22.0,60.8,3
2026-01-04,15:00,2.13,22.8,59.2,4
2026-01-04,16:00,1.95,23.2,65.6,4
2026-01-04,17:00,3.35,19.3,68.6,4
2026-01-04,18:00,2.96,19.6,69.5,4
2026-01-04,19:00,3.89,17.9,63.7,4
2026-01-04,20:00,3.19,16.1,71.1,4
2026-01-04,21:00,3.46,18.1,72.4,3
2026-01-04,22:00,1.74,15.5,75.4,4
2026-01-04,23:00,1.63,15.4,73.0,3
2026-01-05,00:00,1.0,16.5,79.1,4
2026-01-05,01:00,1.0,16.5,71.6,4
2026-01-05,02:00,1.15,17.6,69.6,4
2026-01-05,03:00,0.96,18.2,65.7,4
2026-01-05,04:00,1.08,19.3,67.6,4
2026-01-05,05:00,1.13,20.2,71.8,4
2026-01-05,06:00,2.48,23.7,60.1,4
2026-01-05,07:00,2.26,23.3,55.6,3
2026-01-05,08:00,1.9,20.4,56.4,2
2026-01-05,09:00,1.98,24.1,58.1,1
2026-01-05,10:00,1.9,22.5,60.8,2
2026-01-05,11:00,1.77,23.6,49.9,1
2026-01-05,12:00,1.33,24.0,59.1,1
2026-01-05,13:00,1.58,23.0,56.4,1
2026-01-05,14:00,1.56,22.6,59.8,2
2026-01-05,15:00,1.8,22.1,60.4,2
2026-01-05,16:00,1.49,22.2,59.0,2
2026-01-05,17:00,2.95,21.9,66.0,2
2026-01-05,18:00,3.91,19.5,72.2,4
2026-01-05,19:00,3.09,20.5,69.3,3
2026-01-05,20:00,3.31,19.4,74.7,4
2026-01-05,21:00,3.42,14.8,70.1,4
2026-01-05,22:00,1.83,16.8,68.1,3
2026-01-05,23:00,1.73,14.8,69.9,4
2026-01-06,00:00,0.84,16.6,75.9,4
2026-01-06,01:00,0.88,17.8,74.8,4
2026-01-06,02:00,0.9,18.6,71.2,4
2026-01-06,03:00,0.9,19.1,68.4,4
2026-01-06,04:00,1.33,17.8,67.0,4
2026-01-06,05:00,1.12,20.6,62.9,4
2026-01-06,06:00,2.49,22.6,60.6,4
2026-01-06,07:00,2.16,21.9,59.2,4
2026-01-06,08:00,2.36,22.7,51.4,2
2026-01-06,09:00,2.12,24.5,65.6,2
2026-01-06,10:00,1.77,26.4,48.0,2
2026-01-06,11:00,1.56,23.6,54.4,1
2026-01-06,12:00,1.6,23.3,53.4,2
2026-01-06,13:00,1.86,23.8,57.0,2
2026-01-06,14:00,1.44,24.8,59.9,1
2026-01-06,15:00,1.87,22.8,67.1,2
2026-01-06,16:00,1.66,21.3,67.2,2
2026-01-06,17:00,2.75,20.0,69.2,1
2026-01-06,18:00,2.85,18.1,69.3,3
2026-01-06,19:00,3.14,18.1,68.9,4
2026-01-06,20:00,3.35,18.1,69.6,4
2026-01-06,21:00,3.22,17.3,74.4,4
2026-01-06,22:00,2.09,17.6,71.7,4
2026-01-06,23:00,1.44,18.9,77.8,4
2026-01-07,00:00,0.98,16.2,69.2,4
2026-01-07,01:00,1.18,17.1,69.1,4
2026-01-07,02:00,1.03,18.1,68.4,4
2026-01-07,03:00,1.18,18.5,68.2,4
2026-01-07,04:00,0.78,20.6,71.9,4
2026-01-07,05:00,1.03,19.8,65.5,4
2026-01-07,06:00,2.47,22.2,61.9,4
2026-01-07,07:00,2.37,23.2,58.2,4
2026-01-07,08:00,1.75,24.4,56.7,1
2026-01-07,09:00,2.45,25.0,55.5,2
2026-01-07,10:00,1.44,22.6,52.3,2
2026-01-07,11:00,1.82,24.7,55.1,1
2026-01-07,12:00,1.74,25.4,54.7,1
2026-01-07,13:00,1.69,22.0,57.0,1
2026-01-07,14:00,1.77,22.3,61.4,2
2026-01-07,15:00,2.06,22.7,61.9,2
2026-01-07,16:00,1.65,22.5,63.2,2
2026-01-07,17:00,2.45,20.3,67.5,1
2026-01-07,18:00,3.62,22.1,68.8,3
2026-01-07,19:00,3.41,18.7,69.2,4
2026-01-07,20:00,3.64,18.0,70.4,4
2026-01-07,21:00,3.46,19.5,74.9,4
2026-01-07,22:00,1.36,16.2,73.1,3
2026-01-07,23:00,1.54,19.2,77.0,4
2026-01-08,00:00,1.08,17.8,82.6,4
2026-01-08,01:00,1.1,18.8,75.1,4
2026-01-08,02:00,1.3,18.9,68.7,4
2026-01-08,03:00,1.08,18.8,67.0,4
2026-01-08,04:00,1.02,23.5,69.2,4
2026-01-08,05:00,0.81,21.0,62.0,4
2026-01-08,06:00,2.32,22.3,64.3,4
2026-01-08,07:00,2.1,25.5,59.2,4
2026-01-08,08:00,2.07,24.4,54.0,2
2026-01-08,09:00,2.18,25.9,61.9,2
2026-01-08,10:00,1.6,24.2,56.9,2
2026-01-08,11:00,1.64,25.4,55.0,1
2026-01-08,12:00,1.6,24.7,55.8,2
2026-01-08,13:00,1.7,25.9,56.0,1
2026-01-08,14:00,2.09,27.6,54.6,1
2026-01-08,15:00,1.53,20.5,53.8,2
2026-01-08,16:00,1.76,21.3,63.0,2
2026-01-08,17:00,2.97,21.4,64.6,2
2026-01-08,18:00,3.09,19.4,72.8,4
2026-01-08,19:00,3.16,18.8,69.7,4
2026-01-08,20:00,3.03,19.8,68.7,4
2026-01-08,21:00,3.01,18.2,75.2,4
2026-01-08,22:00,1.75,17.7,73.5,4
2026-01-08,23:00,1.41,18.1,79.9,4
2026-01-09,00:00,0.75,18.7,73.7,4
2026-01-09,01:00,0.92,20.5,69.9,4
2026-01-09,02:00,1.25,17.2,73.9,4
2026-01-09,03:00,1.01,17.3,64.7,4
2026-01-09,04:00,1.23,20.2,68.8,4
2026-01-09,05:00,1.2,21.9,64.0,4
2026-01-09,06:00,2.42,23.4,57.3,4
2026-01-09,07:00,2.35,23.5,56.1,4
2026-01-09,08:00,2.2,25.1,55.0,1
2026-01-09,09:00,1.99,26.3,54.9,1
2026-01-09,10:00,2.11,26.2,58.3,2
2026-01-09,11:00,1.8,27.3,49.5,2
2026-01-09,12:00,1.67,25.2,55.4,1
2026-01-09,13:00,1.46,24.7,56.9,1
2026-01-09,14:00,1.43,24.2,53.7,1
2026-01-09,15:00,1.73,22.5,57.1,1
2026-01-09,16:00,1.79,22.0,70.3,2
2026-01-09,17:00,2.68,22.4,62.4,1
2026-01-09,18:00,3.42,21.9,63.0,4
2026-01-09,19:00,2.97,20.1,73.4,4
2026-01-09,20:00,3.25,19.6,71.1,4
2026-01-09,21:00,3.33,20.9,75.8,3
2026-01-09,22:00,1.57,17.1,77.4,4
2026-01-09,23:00,1.65,18.0,74.8,4
2026-01-10,00:00,1.16,19.7,75.0,4
2026-01-10,01:00,1.09,20.1,76.2,4
2026-01-10,02:00,1.16,17.7,71.9,4
2026-01-10,03:00,0.9,20.6,70.8,4
2026-01-10,04:00,1.09,21.9,66.9,4
2026-01-10,05:00,1.04,23.2,65.1,4
2026-01-10,06:00,2.29,21.7,63.9,4
2026-01-10,07:00,2.1,23.8,63.8,4
2026-01-10,08:00,2.85,25.8,52.1,4
2026-01-10,09:00,2.45,24.1,57.1,4
2026-01-10,10:00,2.67,27.2,55.5,4
2026-01-10,11:00,1.93,25.7,53.5,4
2026-01-10,12:00,2.12,27.5,56.3,3
2026-01-10,13:00,2.34,23.9,53.7,4
2026-01-10,14:00,2.07,25.0,55.5,4
2026-01-10,15:00,1.89,23.3,54.2,3
2026-01-10,16:00,2.2,22.3,64.5,4
2026-01-10,17:00,3.02,21.6,71.9,4
2026-01-10,18:00,3.19,21.8,69.1,4
2026-01-10,19:00,3.04,20.7,68.4,4
2026-01-10,20:00,2.98,19.0,75.6,4
2026-01-10,21:00,3.12,17.8,76.0,3
2026-01-10,22:00,1.92,18.1,76.6,4
2026-01-10,23:00,1.79,19.8,72.5,4
2026-01-11,00:00,1.17,18.1,73.5,4
2026-01-11,01:00,1.06,20.6,71.1,4
2026-01-11,02:00,0.95,18.3,69.9,4
2026-01-11,03:00,0.85,20.7,72.1,4
2026-01-11,04:00,1.23,21.7,71.2,4
2026-01-11,05:00,0.89,23.2,69.0,4
2026-01-11,06:00,2.74,24.5,61.3,4
2026-01-11,07:00,2.61,25.3,61.2,3
2026-01-11,08:00,2.64,26.9,61.4,4
2026-01-11,09:00,2.52,26.9,55.2,3
2026-01-11,10:00,2.49,27.2,54.2,4
2026-01-11,11:00,2.63,28.4,55.6,4
2026-01-11,12:00,2.33,25.1,57.6,4
2026-01-11,13:00,2.73,29.0,55.4,4
2026-01-11,14:00,2.19,26.1,62.7,3
2026-01-11,15:00,2.28,25.3,61.8,4
2026-01-11,16:00,2.23,23.5,63.0,3
2026-01-11,17:00,3.14,21.8,65.4,4
2026-01-11,18:00,3.53,21.4,68.0,4
2026-01-11,19:00,3.47,21.5,74.7,4
2026-01-11,20:00,3.48,18.2,70.9,4
2026-01-11,21:00,3.41,16.9,75.0,4
2026-01-11,22:00,1.53,20.5,78.6,3
2026-01-11,23:00,1.31,19.0,80.5,3
2026-01-12,00:00,0.84,20.3,74.0,4
2026-01-12,01:00,1.26,21.4,73.4,4
2026-01-12,02:00,1.16,20.6,71.4,4
2026-01-12,03:00,1.21,21.7,71.9,4
2026-01-12,04:00,0.95,23.6,69.1,4
2026-01-12,05:00,0.83,25.3,64.9,4
2026-01-12,06:00,2.53,22.3,64.1,4
2026-01-12,07:00,2.14,22.9,58.6,4
2026-01-12,08:00,2.31,27.3,54.6,1
2026-01-12,09:00,2.24,26.7,56.3,2
2026-01-12,10:00,1.92,27.8,60.7,2
2026-01-12,11:00,1.83,27.3,54.2,1
2026-01-12,12:00,1.98,26.9,53.1,2
2026-01-12,13:00,1.87,25.5,59.3,2
2026-01-12,14:00,1.83,25.6,56.6,2
2026-01-12,15:00,1.62,24.4,65.4,1
2026-01-12,16:00,1.48,24.9,64.5,1
2026-01-12,17:00,3.41,24.7,65.3,2
2026-01-12,18:00,3.31,24.8,65.5,4
2026-01-12,19:00,3.32,21.6,66.9,3
2026-01-12,20:00,3.1,20.6,78.5,3
2026-01-12,21:00,3.41,20.9,70.3,3
2026-01-12,22:00,1.9,19.3,69.7,4
2026-01-12,23:00,1.33,20.5,69.4,3
2026-01-13,00:00,1.03,19.9,77.8,4
2026-01-13,01:00,0.97,22.2,68.8,4
2026-01-13,02:00,1.13,22.5,76.2,4
2026-01-13,03:00,1.01,20.7,71.0,4
2026-01-13,04:00,0.71,23.2,66.5,4
2026-01-13,05:00,1.09,23.8,61.5,4
2026-01-13,06:00,2.35,23.0,65.9,4
2026-01-13,07:00,2.54,25.3,53.7,3
2026-01-13,08:00,2.08,24.6,56.6,2
2026-01-13,09:00,2.64,27.7,58.9,2
2026-01-13,10:00,2.07,27.9,56.6,1
2026-01-13,11:00,2.04,27.9,54.2,2
2026-01-13,12:00,1.97,27.4,55.2,1
2026-01-13,13:00,1.82,27.2,58.5,1
2026-01-13,14:00,2.05,26.6,51.9,2
2026-01-13,15:00,1.42,26.1,63.0,2
2026-01-13,16:00,2.16,27.3,62.0,2
2026-01-13,17:00,3.07,22.5,66.8,1
2026-01-13,18:00,3.28,23.0,65.6,4
2026-01-13,19:00,3.74,22.0,72.6,4
2026-01-13,20:00,3.46,20.9,78.1,4
2026-01-13,21:00,3.33,21.6,77.0,4
2026-01-13,22:00,1.59,18.6,79.6,3
2026-01-13,23:00,1.81,18.9,74.8,4
2026-01-14,00:00,1.04,20.4,79.0,4
2026-01-14,01:00,0.9,21.5,77.2,4
2026-01-14,02:00,1.02,21.9,74.0,4
2026-01-14,03:00,1.03,22.0,69.5,4
2026-01-14,04:00,0.92,21.3,62.7,4
2026-01-14,05:00,0.82,21.3,63.1,4
2026-01-14,06:00,2.45,25.2,60.3,4
2026-01-14,07:00,2.84,28.6,62.9,4
2026-01-14,08:00,2.01,26.2,57.9,2
2026-01-14,09:00,2.47,25.4,59.4,1
2026-01-14,10:00,2.13,28.7,57.1,2
2026-01-14,11:00,2.22,28.5,54.4,2
2026-01-14,12:00,1.93,27.8,52.5,2
2026-01-14,13:00,1.78,26.3,59.3,2
2026-01-14,14:00,1.95,24.6,59.1,2
2026-01-14,15:00,1.72,27.0,58.2,2
2026-01-14,16:00,1.57,24.9,61.9,2
2026-01-14,17:00,2.81,24.7,70.5,2
2026-01-14,18:00,3.88,21.1,68.9,4
2026-01-14,19:00,3.3,22.0,68.3,3
2026-01-14,20:00,3.38,21.4,73.7,3
2026-01-14,21:00,2.94,21.1,75.2,3
2026-01-14,22:00,1.7,18.8,72.6,3
2026-01-14,23:00,1.4,19.5,80.5,4
2026-01-15,00:00,1.14,19.3,81.1,4
2026-01-15,01:00,1.08,19.8,72.6,4
2026-01-15,02:00,0.83,21.4,71.6,4
2026-01-15,03:00,0.8,22.5,74.4,4
2026-01-15,04:00,1.19,22.2,72.5,4
2026-01-15,05:00,1.05,25.6,65.9,4
2026-01-15,06:00,2.08,24.8,61.8,4
2026-01-15,07:00,2.33,25.4,58.2,3
2026-01-15,08:00,2.7,27.4,53.3,2
2026-01-15,09:00,2.69,30.3,52.8,2
2026-01-15,10:00,2.09,30.2,56.6,1
2026-01-15,11:00,2.12,28.2,56.7,2
2026-01-15,12:00,2.05,28.8,52.6,1
2026-01-15,13:00,1.57,26.1,56.0,1
2026-01-15,14:00,1.89,26.3,61.6,1
2026-01-15,15:00,1.92,27.1,56.7,2
2026-01-15,16:00,2.3,26.9,62.8,2
2026-01-15,17:00,2.59,24.9,65.6,1
2026-01-15,18:00,3.23,24.0,69.3,3
2026-01-15,19:00,3.2,20.8,64.5,3
2026-01-15,20:00,3.21,24.2,68.7,3
2026-01-15,21:00,3.25,22.0,73.9,4
2026-01-15,22:00,1.42,21.3,76.5,3
2026-01-15,23:00,1.47,19.6,76.6,4
2026-01-16,00:00,1.08,20.7,75.2,4
2026-01-16,01:00,1.1,22.0,77.8,4
2026-01-16,02:00,0.92,18.6,72.3,4
2026-01-16,03:00,1.18,22.3,70.2,4
2026-01-16,04:00,0.91,21.3,65.6,4
2026-01-16,05:00,1.15,24.4,61.4,4
2026-01-16,06:00,2.2,24.4,63.7,4
2026-01-16,07:00,2.89,28.3,60.4,3
2026-01-16,08:00,2.07,26.7,56.7,2
2026-01-16,09:00,2.5,27.7,55.2,2
2026-01-16,10:00,1.99,26.6,58.1,2
2026-01-16,11:00,2.31,31.4,51.9,1
2026-01-16,12:00,2.04,28.3,58.3,2
2026-01-16,13:00,1.73,26.7,60.0,1
2026-01-16,14:00,2.14,28.5,60.2,2
2026-01-16,15:00,1.89,26.4,58.8,2
2026-01-16,16:00,1.94,26.7,60.0,2
2026-01-16,17:00,3.08,23.3,62.0,2
2026-01-16,18:00,2.75,25.1,67.1,3
2026-01-16,19:00,3.2,22.6,73.5,4
2026-01-16,20:00,3.36,20.2,67.2,4
2026-01-16,21:00,2.99,21.5,77.1,3
2026-01-16,22:00,1.35,21.7,73.2,3
2026-01-16,23:00,1.8,21.8,79.2,3
2026-01-17,00:00,0.83,22.5,79.3,4
2026-01-17,01:00,1.33,21.4,73.9,4
2026-01-17,02:00,0.89,21.5,72.6,4
2026-01-17,03:00,0.88,24.3,67.1,4
2026-01-17,04:00,1.06,22.5,69.2,4
2026-01-17,05:00,1.13,24.0,62.7,4
2026-01-17,06:00,2.58,27.1,60.1,4
2026-01-17,07:00,2.59,26.2,60.8,4
2026-01-17,08:00,2.82,28.2,64.4,4
2026-01-17,09:00,3.28,30.5,58.6,4
2026-01-17,10:00,2.46,28.3,52.8,4
2026-01-17,11:00,2.23,26.5,61.2,4
2026-01-17,12:00,2.69,28.5,54.5,4
2026-01-17,13:00,2.65,29.3,58.9,4
2026-01-17,14:00,2.33,27.5,58.8,3
2026-01-17,15:00,2.79,28.8,61.5,4
2026-01-17,16:00,2.46,26.8,65.9,4
2026-01-17,17:00,3.47,23.4,66.2,4
2026-01-17,18:00,3.48,24.0,63.1,3
2026-01-17,19:00,3.45,25.0,70.7,3
2026-01-17,20:00,3.8,24.3,73.9,4
2026-01-17,21:00,2.82,22.3,73.2,4
2026-01-17,22:00,1.77,22.1,71.9,4
2026-01-17,23:00,1.6,20.0,73.3,3
2026-01-18,00:00,1.2,22.0,79.0,4
2026-01-18,01:00,1.08,20.8,73.3,4
2026-01-18,02:00,1.12,20.5,68.8,4
2026-01-18,03:00,1.03,22.6,75.2,4
2026-01-18,04:00,0.81,22.0,72.0,4
2026-01-18,05:00,1.64,26.6,63.3,4
2026-01-18,06:00,2.95,26.3,60.3,4
2026-01-18,07:00,2.69,28.5,63.1,3
2026-01-18,08:00,2.41,27.9,61.9,3
2026-01-18,09:00,2.95,28.0,58.4,3
2026-01-18,10:00,2.23,25.6,57.7,4
2026-01-18,11:00,2.57,28.1,52.5,4
2026-01-18,12:00,2.65,29.6,51.2,3
2026-01-18,13:00,2.57,29.3,61.9,4
2026-01-18,14:00,2.55,27.6,58.7,3
2026-01-18,15:00,2.15,26.8,63.6,4
2026-01-18,16:00,2.01,24.7,63.5,4
2026-01-18,17:00,3.33,23.8,63.4,3
2026-01-18,18:00,3.19,24.5,67.1,3
2026-01-18,19:00,3.62,23.0,68.9,4
2026-01-18,20:00,3.12,21.0,63.5,4
2026-01-18,21:00,3.34,21.3,65.0,3
2026-01-18,22:00,1.59,20.6,76.1,3
2026-01-18,23:00,1.54,20.5,76.1,4
2026-01-19,00:00,1.08,21.3,74.0,4
2026-01-19,01:00,0.94,21.5,71.1,4
2026-01-19,02:00,0.93,24.2,71.3,4
2026-01-19,03:00,0.87,23.2,70.3,4
2026-01-19,04:00,1.05,25.1,66.7,4
2026-01-19,05:00,1.07,25.4,67.1,4
2026-01-19,06:00,2.4,24.5,60.8,4
2026-01-19,07:00,3.41,28.0,56.0,4
2026-01-19,08:00,1.89,26.2,61.4,1
2026-01-19,09:00,2.34,28.1,58.2,1
2026-01-19,10:00,1.99,28.0,55.5,1
2026-01-19,11:00,2.14,30.2,55.5,1
2026-01-19,12:00,1.94,28.2,55.6,2
2026-01-19,13:00,1.89,25.3,57.6,2
2026-01-19,14:00,1.86,25.4,54.9,2
2026-01-19,15:00,2.04,29.8,60.1,1
2026-01-19,16:00,1.77,26.2,66.5,2
2026-01-19,17:00,2.94,24.4,63.6,1
2026-01-19,18:00,3.42,22.6,67.9,3
2026-01-19,19:00,3.37,21.5,72.6,4
2026-01-19,20:00,3.25,21.4,72.1,3
2026-01-19,21:00,2.99,23.3,74.0,4
2026-01-19,22:00,1.62,22.0,78.8,4
2026-01-19,23:00,1.68,23.0,75.2,4
2026-01-20,00:00,0.98,22.8,76.6,4
2026-01-20,01:00,1.11,21.5,70.8,4
2026-01-20,02:00,1.09,21.7,72.7,4
2026-01-20,03:00,1.19,25.2,69.8,4
2026-01-20,04:00,1.08,25.8,71.9,4
2026-01-20,05:00,1.66,26.7,68.6,4
2026-01-20,06:00,2.73,25.6,64.2,4
2026-01-20,07:00,3.1,29.1,57.0,4
2026-01-20,08:00,2.65,28.1,61.8,2
2026-01-20,09:00,2.65,28.9,53.3,2
2026-01-20,10:00,2.06,28.7,54.1,2
2026-01-20,11:00,2.16,27.1,57.3,2
2026-01-20,12:00,2.02,27.6,59.1,2
2026-01-20,13:00,2.4,30.5,56.5,2
2026-01-20,14:00,2.36,28.8,55.6,2
2026-01-20,15:00,1.79,26.2,58.8,1
2026-01-20,16:00,1.9,26.0,64.7,1
2026-01-20,17:00,3.08,26.8,59.2,2
2026-01-20,18:00,3.59,25.2,68.1,3
2026-01-20,19:00,3.61,24.4,66.4,3
2026-01-20,20:00,2.82,23.6,77.8,4
2026-01-20,21:00,3.43,19.4,74.1,4
2026-01-20,22:00,1.69,21.1,74.4,4
2026-01-20,23:00,1.74,22.1,73.7,3
2026-01-21,00:00,1.14,22.6,76.5,4
2026-01-21,01:00,0.95,21.5,75.6,4
2026-01-21,02:00,0.73,23.2,77.6,4
2026-01-21,03:00,1.15,23.3,65.2,4
2026-01-21,04:00,1.28,25.7,72.7,4
2026-01-21,05:00,1.03,24.9,65.2,4
2026-01-21,06:00,2.5,26.8,65.9,4
2026-01-21,07:00,3.19,29.0,60.8,4
2026-01-21,08:00,2.33,28.7,60.9,2
2026-01-21,09:00,2.39,28.3,60.8,1
2026-01-21,10:00,2.34,29.4,58.2,1
2026-01-21,11:00,2.59,31.3,59.9,2
2026-01-21,12:00,2.24,29.6,50.5,2
2026-01-21,13:00,2.07,28.1,62.9,2
2026-01-21,14:00,2.17,28.7,59.6,2
2026-01-21,15:00,2.16,29.7,58.1,1
2026-01-21,16:00,1.57,25.8,58.5,1
2026-01-21,17:00,3.36,25.7,63.7,2
2026-01-21,18:00,2.76,24.4,61.4,3
2026-01-21,19:00,2.64,24.6,70.2,3
2026-01-21,20:00,2.97,24.2,70.3,3
2026-01-21,21:00,3.16,22.4,73.2,4
2026-01-21,22:00,1.61,20.8,75.5,3
2026-01-21,23:00,1.79,21.8,80.7,4
2026-01-22,00:00,0.77,21.4,72.7,4
2026-01-22,01:00,1.14,20.4,74.5,4
2026-01-22,02:00,1.02,24.0,70.4,4
2026-01-22,03:00,1.15,23.9,74.8,4
2026-01-22,04:00,1.01,23.7,61.0,4
2026-01-22,05:00,1.02,24.6,64.6,4
2026-01-22,06:00,2.66,27.4,61.9,4
2026-01-22,07:00,2.91,29.5,59.7,3
2026-01-22,08:00,2.71,28.9,60.2,2
2026-01-22,09:00,2.34,29.7,52.9,1
2026-01-22,10:00,2.43,27.6,53.4,2
2026-01-22,11:00,2.18,29.2,49.1,1
2026-01-22,12:00,2.47,30.7,59.2,2
2026-01-22,13:00,2.24,30.3,61.9,2
2026-01-22,14:00,1.83,27.5,54.6,1
2026-01-22,15:00,2.33,29.5,61.6,2
2026-01-22,16:00,1.29,24.7,60.3,1
2026-01-22,17:00,3.56,27.2,69.8,2
2026-01-22,18:00,3.16,23.5,66.4,4
2026-01-22,19:00,3.42,23.3,70.1,4
2026-01-22,20:00,3.45,22.3,71.4,4
2026-01-22,21:00,3.34,21.0,68.8,4
2026-01-22,22:00,1.7,22.0,75.5,4
2026-01-22,23:00,1.72,20.5,75.0,4
2026-01-23,00:00,0.84,21.5,74.3,4
2026-01-23,01:00,1.04,22.0,68.2,4
2026-01-23,02:00,0.83,23.9,71.1,4
2026-01-23,03:00,0.71,22.1,71.6,4
2026-01-23,04:00,1.27,26.9,74.3,4
2026-01-23,05:00,1.18,27.4,61.8,4
2026-01-23,06:00,2.55,26.7,61.0,4
2026-01-23,07:00,2.27,28.5,62.9,3
2026-01-23,08:00,2.93,31.2,55.2,2
2026-01-23,09:00,2.82,30.4,62.2,2
2026-01-23,10:00,2.62,29.2,55.0,2
2026-01-23,11:00,2.01,28.1,55.8,1
2026-01-23,12:00,2.5,31.1,55.6,2
2026-01-23,13:00,2.14,28.9,57.1,2
2026-01-23,14:00,2.17,29.5,56.8,1
2026-01-23,15:00,2.06,27.9,63.4,2
2026-01-23,16:00,1.58,24.8,66.2,2
2026-01-23,17:00,3.28,25.1,63.2,2
2026-01-23,18:00,3.97,28.1,66.8,4
2026-01-23,19:00,3.5,24.3,71.6,4
2026-01-23,20:00,3.56,24.5,71.5,3
2026-01-23,21:00,2.89,18.9,75.6,3
2026-01-23,22:00,1.6,24.4,73.9,4
2026-01-23,23:00,1.53,22.4,72.1,4
2026-01-24,00:00,1.24,21.0,72.6,4
2026-01-24,01:00,1.15,23.1,75.8,4
2026-01-24,02:00,1.26,23.6,70.3,4
2026-01-24,03:00,1.17,24.8,71.1,4
2026-01-24,04:00,0.94,23.9,67.5,4
2026-01-24,05:00,1.13,25.8,62.6,4
2026-01-24,06:00,2.59,27.0,64.2,4
2026-01-24,07:00,2.61,27.0,62.0,4
2026-01-24,08:00,2.51,28.6,55.8,3
2026-01-24,09:00,2.58,28.3,58.8,3
2026-01-24,10:00,2.59,28.0,54.9,4
2026-01-24,11:00,2.85,30.0,50.0,3
2026-01-24,12:00,2.68,28.8,56.3,4
2026-01-24,13:00,2.7,30.6,62.9,4
2026-01-24,14:00,2.26,28.0,58.5,3
2026-01-24,15:00,2.77,28.9,62.5,4
2026-01-24,16:00,2.17,27.3,66.5,3
2026-01-24,17:00,3.46,26.1,62.8,3
2026-01-24,18:00,3.35,24.1,66.4,4
2026-01-24,19:00,2.89,24.0,72.9,4
2026-01-24,20:00,3.03,24.1,69.5,3
2026-01-24,21:00,3.15,21.6,75.8,4
2026-01-24,22:00,1.6,22.4,75.2,4
2026-01-24,23:00,1.91,22.9,74.8,4
2026-01-25,00:00,1.08,23.8,77.4,4
2026-01-25,01:00,1.09,21.5,74.2,4
2026-01-25,02:00,1.06,23.3,72.7,4
2026-01-25,03:00,1.06,23.6,68.7,4
2026-01-25,04:00,0.83,25.0,69.4,4
2026-01-25,05:00,0.88,25.7,60.8,4
2026-01-25,06:00,2.73,26.5,66.8,4
2026-01-25,07:00,3.39,28.6,58.9,4
2026-01-25,08:00,2.94,29.6,54.7,4
2026-01-25,09:00,2.96,29.0,60.2,4
2026-01-25,10:00,2.49,28.4,60.3,4
2026-01-25,11:00,2.86,30.8,54.0,3
2026-01-25,12:00,2.73,29.2,54.9,4
2026-01-25,13:00,2.54,28.3,58.6,4
2026-01-25,14:00,2.27,28.6,54.9,4
2026-01-25,15:00,2.67,27.8,67.2,4
2026-01-25,16:00,2.31,27.0,61.6,3
2026-01-25,17:00,3.76,26.7,61.5,3
2026-01-25,18:00,3.8,25.1,72.2,4
2026-01-25,19:00,2.78,24.7,68.9,3
2026-01-25,20:00,3.03,24.3,69.8,3
2026-01-25,21:00,3.6,20.8,74.2,4
2026-01-25,22:00,1.4,22.9,76.7,4
2026-01-25,23:00,1.33,21.0,74.7,3
2026-01-26,00:00,1.1,21.3,74.5,4
2026-01-26,01:00,0.93,22.8,69.9,4
2026-01-26,02:00,0.91,23.6,69.1,4
2026-01-26,03:00,1.21,24.3,71.5,4
2026-01-26,04:00,1.0,23.6,70.1,4
2026-01-26,05:00,1.25,26.6,68.0,4
2026-01-26,06:00,2.52,25.7,61.9,4
2026-01-26,07:00,2.62,28.2,66.1,4
2026-01-26,08:00,2.37,29.8,56.1,2
2026-01-26,09:00,2.64,31.3,52.1,2
2026-01-26,10:00,2.23,30.4,56.5,1
2026-01-26,11:00,2.13,30.4,53.7,2
2026-01-26,12:00,2.22,29.0,55.8,2
2026-01-26,13:00,2.02,29.5,58.0,1
2026-01-26,14:00,2.18,28.9,59.6,2
2026-01-26,15:00,2.02,26.5,57.1,2
2026-01-26,16:00,2.2,28.7,65.9,2
2026-01-26,17:00,2.94,24.5,65.0,2
2026-01-26,18:00,3.3,23.5,69.4,4
2026-01-26,19:00,2.89,24.8,69.5,4
2026-01-26,20:00,2.9,25.7,71.3,3
2026-01-26,21:00,3.14,20.6,69.6,3
2026-01-26,22:00,1.8,19.9,77.7,4
2026-01-26,23:00,1.39,20.1,79.1,4
2026-01-27,00:00,1.05,22.1,71.8,4
2026-01-27,01:00,1.36,22.3,69.0,4
2026-01-27,02:00,1.16,25.1,72.4,4
2026-01-27,03:00,0.99,23.6,74.2,4
2026-01-27,04:00,0.98,23.2,67.6,4
2026-01-27,05:00,1.07,24.7,63.9,4
2026-01-27,06:00,2.53,23.9,63.0,4
2026-01-27,07:00,3.13,29.1,63.1,4
2026-01-27,08:00,2.27,26.7,58.9,1
2026-01-27,09:00,1.92,26.4,54.1,1
2026-01-27,10:00,2.49,30.6,51.9,2
2026-01-27,11:00,2.13,30.5,49.8,1
2026-01-27,12:00,2.41,31.3,52.4,2
2026-01-27,13:00,2.28,30.0,58.7,2
2026-01-27,14:00,2.2,28.1,62.2,1
2026-01-27,15:00,2.09,29.1,60.3,2
2026-01-27,16:00,1.9,26.0,64.0,2
2026-01-27,17:00,2.99,27.6,67.0,2
2026-01-27,18:00,3.5,26.1,70.0,4
2026-01-27,19:00,3.88,27.7,71.8,4
2026-01-27,20:00,3.36,24.4,75.1,4
2026-01-27,21:00,3.11,23.1,75.7,3
2026-01-27,22:00,1.52,21.4,76.3,3
2026-01-27,23:00,1.89,22.9,76.4,3
2026-01-28,00:00,1.12,19.2,74.4,4
2026-01-28,01:00,1.07,23.5,72.8,4
2026-01-28,02:00,1.16,23.0,73.4,4
2026-01-28,03:00,1.01,24.6,71.5,4
2026-01-28,04:00,1.41,27.1,67.7,4
2026-01-28,05:00,1.21,25.3,58.5,4
2026-01-28,06:00,2.87,25.6,59.4,4
2026-01-28,07:00,2.72,28.7,62.1,4
2026-01-28,08:00,2.2,28.8,56.0,1
2026-01-28,09:00,2.77,27.8,51.8,2
2026-01-28,10:00,1.93,28.9,54.9,1
2026-01-28,11:00,2.34,31.0,60.4,2
2026-01-28,12:00,2.31,29.2,54.9,2
2026-01-28,13:00,2.4,29.2,60.5,2
2026-01-28,14:00,2.07,27.3,59.5,1
2026-01-28,15:00,1.92,27.3,59.1,2
2026-01-28,16:00,1.53,26.3,57.4,1
2026-01-28,17:00,3.07,26.0,69.5,1
2026-01-28,18:00,3.15,22.6,64.8,4
2026-01-28,19:00,3.18,23.1,64.8,4
2026-01-28,20:00,3.26,23.3,72.3,3
2026-01-28,21:00,3.31,22.6,74.3,4
2026-01-28,22:00,1.53,20.4,77.1,3
2026-01-28,23:00,1.72,23.1,70.3,4
2026-01-29,00:00,1.06,23.2,75.5,4
2026-01-29,01:00,1.18,22.7,78.7,4
2026-01-29,02:00,1.01,22.7,71.9,4
2026-01-29,03:00,1.16,21.9,69.7,4
2026-01-29,04:00,1.03,25.5,64.5,4
2026-01-29,05:00,1.16,25.7,65.9,4
2026-01-29,06:00,2.72,26.3,57.6,4
2026-01-29,07:00,2.69,27.7,64.7,3
2026-01-29,08:00,2.43,28.1,58.7,2
2026-01-29,09:00,2.34,30.0,54.2,1
2026-01-29,10:00,2.37,29.6,53.2,2
2026-01-29,11:00,2.55,31.6,53.3,2
2026-01-29,12:00,2.37,30.3,56.8,2
2026-01-29,13:00,2.16,30.2,57.8,2
2026-01-29,14:00,2.17,29.7,60.6,2
2026-01-29,15:00,1.87,27.8,62.0,1
2026-01-29,16:00,1.82,28.1,69.5,1
2026-01-29,17:00,3.21,24.1,65.9,1
2026-01-29,18:00,3.21,27.3,65.3,3
2026-01-29,19:00,3.64,25.8,76.0,4
2026-01-29,20:00,2.87,22.4,66.8,3
2026-01-29,21:00,3.4,20.0,73.6,3
2026-01-29,22:00,1.43,22.2,73.5,4
2026-01-29,23:00,1.48,22.7,74.2,4
2026-01-30,00:00,1.17,22.5,71.5,4
2026-01-30,01:00,0.94,23.4,72.7,4
2026-01-30,02:00,0.85,23.0,67.1,4
2026-01-30,03:00,1.11,22.1,71.4,4
2026-01-30,04:00,1.02,23.3,63.5,4
2026-01-30,05:00,1.47,24.7,65.5,4
2026-01-30,06:00,2.96,27.3,65.0,4
2026-01-30,07:00,2.52,28.4,66.2,4
2026-01-30,08:00,2.46,27.3,59.5,2
2026-01-30,09:00,2.75,28.8,59.3,2
2026-01-30,10:00,1.96,29.2,56.6,1
2026-01-30,11:00,2.01,29.3,55.3,2
2026-01-30,12:00,1.88,27.8,57.1,1
2026-01-30,13:00,2.02,28.4,54.1,2
2026-01-30,14:00,1.69,28.6,59.3,1
2026-01-30,15:00,1.9,29.4,64.0,2
2026-01-30,16:00,1.93,28.0,65.6,1
2026-01-30,17:00,3.11,24.1,68.0,2
2026-01-30,18:00,3.22,23.4,67.8,3
2026-01-30,19:00,2.87,22.7,71.3,3
2026-01-30,20:00,2.74,23.8,71.4,4
2026-01-30,21:00,3.28,22.5,73.5,4
2026-01-30,22:00,1.76,23.5,77.6,4
2026-01-30,23:00,1.55,21.8,76.1,3
2026-01-31,00:00,1.1,23.1,72.8,4
2026-01-31,01:00,1.16,21.8,73.4,4
2026-01-31,02:00,1.05,24.3,70.7,4
2026-01-31,03:00,1.01,24.7,71.5,4
2026-01-31,04:00,0.99,23.8,68.2,4
2026-01-31,05:00,1.2,27.2,61.8,4
2026-01-31,06:00,2.76,25.9,61.9,4
2026-01-31,07:00,2.46,27.2,63.9,3
2026-01-31,08:00,2.84,29.2,54.5,3
2026-01-31,09:00,3.33,30.8,60.5,4
2026-01-31,10:00,2.67,29.5,59.6,3
2026-01-31,11:00,2.74,28.5,59.2,4
2026-01-31,12:00,2.73,28.9,53.9,4
2026-01-31,13:00,2.81,29.5,56.9,4
2026-01-31,14:00,2.75,30.4,61.1,3
2026-01-31,15:00,2.71,28.6,56.9,4
2026-01-31,16:00,2.54,28.7,61.8,4
2026-01-31,17:00,3.03,24.7,61.7,4
2026-01-31,18:00,3.28,25.5,67.1,4
2026-01-31,19:00,3.75,25.3,71.5,4
2026-01-31,20:00,3.21,23.8,68.8,4
2026-01-31,21:00,3.0,22.7,70.1,4
2026-01-31,22:00,1.81,20.4,76.8,4
2026-01-31,23:00,1.67,20.0,76.7,3
2026-02-01,00:00,1.1,20.4,79.0,4
2026-02-01,01:00,0.99,20.1,73.9,4
2026-02-01,02:00,1.15,23.4,71.2,4
2026-02-01,03:00,0.78,23.8,71.4,4
2026-02-01,04:00,1.02,25.8,65.2,4
2026-02-01,05:00,1.07,25.1,64.9,4
2026-02-01,06:00,2.62,24.3,64.3,4
2026-02-01,07:00,2.98,29.0,61.2,3
2026-02-01,08:00,3.04,29.4,58.9,4
2026-02-01,09:00,3.11,28.9,55.3,3
2026-02-01,10:00,2.64,27.6,53.7,4
2026-02-01,11:00,2.84,29.5,54.4,4
2026-02-01,12:00,2.53,27.4,55.8,3
2026-02-01,13:00,2.85,29.5,58.4,3
2026-02-01,14:00,2.77,28.1,56.0,4
2026-02-01,15:00,2.64,28.7,61.7,4
2026-02-01,16:00,2.54,26.3,58.6,4
2026-02-01,17:00,3.43,26.6,61.1,4
2026-02-01,18:00,3.15,25.7,72.6,4
2026-02-01,19:00,3.25,25.5,72.9,4
2026-02-01,20:00,3.44,24.3,74.6,4
2026-02-01,21:00,3.41,25.5,70.4,4
2026-02-01,22:00,1.26,21.9,74.0,3
2026-02-01,23:00,1.66,22.6,72.6,4
2026-02-02,00:00,1.06,20.0,76.5,4
2026-02-02,01:00,1.23,22.0,71.0,4
2026-02-02,02:00,1.28,22.7,74.5,4
2026-02-02,03:00,0.93,23.1,69.5,4
2026-02-02,04:00,0.91,23.9,65.3,4
2026-02-02,05:00,0.98,24.3,59.8,4
2026-02-02,06:00,2.54,25.9,61.7,4
2026-02-02,07:00,2.7,26.6,58.2,4
2026-02-02,08:00,2.37,27.4,56.9,1
2026-02-02,09:00,2.4,27.3,55.2,2
2026-02-02,10:00,2.14,29.0,52.8,1
2026-02-02,11:00,2.01,27.0,53.9,2
2026-02-02,12:00,2.28,29.2,63.4,2
2026-02-02,13:00,1.59,27.4,56.1,1
2026-02-02,14:00,2.19,27.8,55.4,2
2026-02-02,15:00,1.79,26.4,59.6,2
2026-02-02,16:00,2.38,28.2,61.4,2
2026-02-02,17:00,3.11,26.1,66.4,2
2026-02-02,18:00,3.71,25.5,68.0,4
2026-02-02,19:00,3.31,24.1,69.9,4
2026-02-02,20:00,3.73,18.2,67.7,4
2026-02-02,21:00,3.03,21.1,68.5,3
2026-02-02,22:00,1.84,20.6,75.7,4
2026-02-02,23:00,1.55,23.0,81.7,4
2026-02-03,00:00,1.1,18.6,77.3,4
2026-02-03,01:00,0.9,20.2,71.9,4
2026-02-03,02:00,0.86,22.7,70.8,4
2026-02-03,03:00,0.96,23.2,73.7,4
2026-02-03,04:00,1.0,24.1,65.1,4
2026-02-03,05:00,1.18,25.5,61.7,4
2026-02-03,06:00,2.48,25.6,64.0,4
2026-02-03,07:00,2.76,28.4,58.1,3
2026-02-03,08:00,2.23,26.9,57.1,2
2026-02-03,09:00,2.42,27.6,57.2,2
2026-02-03,10:00,2.4,30.7,54.7,2
2026-02-03,11:00,1.8,27.4,60.8,2
2026-02-03,12:00,2.25,30.2,54.2,2
2026-02-03,13:00,1.84,27.0,63.6,1
2026-02-03,14:00,1.95,27.7,60.6,2
2026-02-03,15:00,1.87,26.9,60.2,2
2026-02-03,16:00,1.76,27.3,61.8,2
2026-02-03,17:00,2.76,24.5,65.7,2
2026-02-03,18:00,3.78,23.3,64.2,4
2026-02-03,19:00,3.1,22.1,71.0,4
2026-02-03,20:00,3.55,22.8,77.6,4
2026-02-03,21:00,3.18,21.1,78.3,4
2026-02-03,22:00,1.86,20.7,74.5,4
2026-02-03,23:00,1.48,21.0,77.1,4
2026-02-04,00:00,1.14,21.9,73.3,4
2026-02-04,01:00,0.95,21.9,70.8,4
2026-02-04,02:00,0.94,23.0,76.5,4
2026-02-04,03:00,0.91,21.2,69.7,4
2026-02-04,04:00,1.02,24.9,66.2,4
2026-02-04,05:00,1.14,23.3,61.7,4
2026-02-04,06:00,2.73,25.8,53.4,4
2026-02-04,07:00,2.76,26.2,62.5,4
2026-02-04,08:00,2.08,26.4,63.2,1
2026-02-04,09:00,2.44,28.8,53.0,1
2026-02-04,10:00,2.25,27.9,52.2,2
2026-02-04,11:00,2.03,28.3,56.1,2
2026-02-04,12:00,1.59,26.3,56.2,2
2026-02-04,13:00,2.38,28.0,52.2,2
2026-02-04,14:00,2.33,28.5,58.2,2
2026-02-04,15:00,1.67,25.6,61.6,1
2026-02-04,16:00,1.94,25.9,66.2,2
2026-02-04,17:00,2.56,24.9,60.0,2
2026-02-04,18:00,2.9,24.1,69.1,4
2026-02-04,19:00,3.16,25.4,74.5,4
2026-02-04,20:00,3.11,22.2,78.3,4
2026-02-04,21:00,3.4,19.6,74.7,3
2026-02-04,22:00,1.54,20.6,76.0,4
2026-02-04,23:00,1.38,22.7,76.7,4
2026-02-05,00:00,1.07,18.4,77.7,4
2026-02-05,01:00,0.87,22.6,69.8,4
2026-02-05,02:00,0.78,20.3,70.2,4
2026-02-05,03:00,1.12,19.0,68.6,4
2026-02-05,04:00,0.76,24.0,69.0,4
2026-02-05,05:00,1.12,23.9,65.6,4
2026-02-05,06:00,2.52,25.4,60.9,4
2026-02-05,07:00,2.5,25.2,60.2,3
2026-02-05,08:00,2.29,27.0,55.8,2
2026-02-05,09:00,2.47,28.0,54.6,2
2026-02-05,10:00,1.85,25.6,58.8,2
2026-02-05,11:00,2.38,28.8,50.3,2
2026-02-05,12:00,1.87,27.6,54.5,2
2026-02-05,13:00,1.98,25.6,59.8,2
2026-02-05,14:00,1.89,26.9,55.9,2
2026-02-05,15:00,1.78,25.9,56.4,2
2026-02-05,16:00,1.78,25.5,65.5,2
2026-02-05,17:00,3.17,22.4,66.1,1
2026-02-05,18:00,3.66,23.5,69.7,4
2026-02-05,19:00,3.35,21.6,76.0,4
2026-02-05,20:00,3.13,22.3,73.7,4
2026-02-05,21:00,3.29,22.2,73.0,3
2026-02-05,22:00,2.11,20.1,75.6,4
2026-02-05,23:00,1.18,17.0,77.0,3
2026-02-06,00:00,1.27,20.2,75.9,4
2026-02-06,01:00,0.96,19.3,77.7,4
2026-02-06,02:00,1.14,23.3,75.3,4
2026-02-06,03:00,0.9,20.7,67.9,4
2026-02-06,04:00,1.24,21.7,66.7,4
2026-02-06,05:00,0.97,23.5,62.5,4
2026-02-06,06:00,2.39,26.4,67.4,4
2026-02-06,07:00,2.26,25.5,58.2,4
2026-02-06,08:00,1.89,24.6,61.9,2
2026-02-06,09:00,2.37,27.5,54.3,2
2026-02-06,10:00,1.82,25.8,59.8,2
2026-02-06,11:00,1.99,28.5,57.9,2
2026-02-06,12:00,2.26,28.4,54.5,2
2026-02-06,13:00,1.48,24.9,56.0,1
2026-02-06,14:00,1.74,27.3,59.3,1
2026-02-06,15:00,1.6,25.1,59.7,2
2026-02-06,16:00,1.4,26.0,61.3,2
2026-02-06,17:00,2.68,23.5,61.9,1
2026-02-06,18:00,3.32,23.2,64.0,3
2026-02-06,19:00,3.0,22.5,68.6,3
2026-02-06,20:00,2.88,23.1,69.5,3
2026-02-06,21:00,3.39,19.9,70.8,3
2026-02-06,22:00,1.47,20.6,73.7,3
2026-02-06,23:00,1.63,18.9,70.6,4
2026-02-07,00:00,0.92,20.6,77.6,4
2026-02-07,01:00,1.27,20.0,71.3,4
2026-02-07,02:00,1.23,20.5,71.5,4
2026-02-07,03:00,1.15,24.0,68.8,4
2026-02-07,04:00,1.15,21.2,72.9,4
2026-02-07,05:00,1.16,21.5,63.9,4
2026-02-07,06:00,2.44,25.9,64.0,4
2026-02-07,07:00,2.76,24.9,57.7,4
2026-02-07,08:00,2.76,26.0,60.6,3
2026-02-07,09:00,3.16,29.0,58.5,4
2026-02-07,10:00,2.77,28.7,53.0,4
2026-02-07,11:00,2.19,26.4,56.9,4
2026-02-07,12:00,2.57,26.6,57.5,4
2026-02-07,13:00,2.05,27.5,55.5,3
2026-02-07,14:00,2.32,26.2,59.5,4
2026-02-07,15:00,2.24,25.6,59.4,4
2026-02-07,16:00,2.44,24.7,61.6,4
2026-02-07,17:00,3.33,20.9,63.4,4
2026-02-07,18:00,3.28,22.8,70.4,4
2026-02-07,19:00,2.97,21.6,70.6,3
2026-02-07,20:00,2.8,20.5,74.4,3
2026-02-07,21:00,3.67,21.3,79.4,4
2026-02-07,22:00,1.69,20.4,77.8,4
2026-02-07,23:00,1.37,19.8,77.0,3
2026-02-08,00:00,1.25,19.3,74.8,4
2026-02-08,01:00,1.12,18.5,67.8,4
2026-02-08,02:00,1.24,20.9,74.0,4
2026-02-08,03:00,1.04,20.6,68.9,4
2026-02-08,04:00,1.03,21.3,71.7,4
2026-02-08,05:00,1.42,23.0,66.8,4
2026-02-08,06:00,2.3,21.8,65.0,4
2026-02-08,07:00,2.01,24.7,59.2,3
2026-02-08,08:00,2.9,27.9,50.5,4
2026-02-08,09:00,2.5,28.0,53.9,3
2026-02-08,10:00,2.22,25.8,58.8,3
2026-02-08,11:00,2.21,26.2,55.6,4
2026-02-08,12:00,2.72,28.5,58.5,4
2026-02-08,13:00,2.48,27.2,61.6,4
2026-02-08,14:00,2.38,24.7,59.3,3
2026-02-08,15:00,2.28,24.0,58.9,4
2026-02-08,16:00,2.24,24.2,59.5,3
2026-02-08,17:00,3.22,26.0,65.6,3
2026-02-08,18:00,3.57,22.9,63.8,4
2026-02-08,19:00,3.19,20.5,66.7,3
2026-02-08,20:00,3.81,21.3,72.8,4
2026-02-08,21:00,3.13,20.4,77.9,4
2026-02-08,22:00,1.77,20.0,71.9,4
2026-02-08,23:00,1.89,18.8,71.9,4
2026-02-09,00:00,1.15,20.9,72.9,4
2026-02-09,01:00,1.01,19.5,72.1,4
2026-02-09,02:00,1.02,20.1,73.1,4
2026-02-09,03:00,0.95,18.5,71.4,4
2026-02-09,04:00,0.77,19.5,65.5,4
2026-02-09,05:00,1.36,21.4,62.9,4
2026-02-09,06:00,2.67,24.2,63.9,4
2026-02-09,07:00,2.67,23.6,64.4,4
2026-02-09,08:00,2.17,24.8,56.8,2
2026-02-09,09:00,2.57,25.5,62.8,2
2026-02-09,10:00,1.75,24.6,58.1,2
2026-02-09,11:00,2.03,28.6,55.4,2
2026-02-09,12:00,1.78,26.5,57.8,2
2026-02-09,13:00,1.64,25.8,55.7,2
2026-02-09,14:00,1.9,24.8,58.4,2
2026-02-09,15:00,1.62,25.2,59.9,2
2026-02-09,16:00,1.49,25.2,63.7,1
2026-02-09,17:00,2.61,23.9,66.7,2
2026-02-09,18:00,3.43,22.3,60.0,4
2026-02-09,19:00,3.65,21.4,74.1,4
2026-02-09,20:00,3.12,19.1,70.9,4
2026-02-09,21:00,3.39,21.1,74.1,3
2026-02-09,22:00,1.68,17.3,73.1,4
2026-02-09,23:00,1.58,20.2,78.4,4
2026-02-10,00:00,0.85,19.4,78.0,4
2026-02-10,01:00,1.15,21.3,73.8,4
2026-02-10,02:00,1.27,20.5,68.2,4
2026-02-10,03:00,1.09,21.3,65.4,4
2026-02-10,04:00,0.94,21.5,65.2,4
2026-02-10,05:00,1.02,22.0,63.4,4
2026-02-10,06:00,2.36,20.1,68.6,4
2026-02-10,07:00,2.24,24.8,57.8,4
2026-02-10,08:00,2.71,27.4,63.6,2
2026-02-10,09:00,2.14,26.1,62.7,2
2026-02-10,10:00,1.65,25.8,54.7,1
2026-02-10,11:00,1.73,26.4,55.2,2
2026-02-10,12:00,1.93,25.5,51.5,2
2026-02-10,13:00,1.78,23.4,59.8,1
2026-02-10,14:00,1.67,24.9,50.1,2
2026-02-10,15:00,1.64,24.4,57.0,2
2026-02-10,16:00,1.47,25.3,64.4,1
2026-02-10,17:00,2.79,20.5,64.0,2
2026-02-10,18:00,3.51,22.1,70.7,4
2026-02-10,19:00,3.19,20.3,69.5,4
2026-02-10,20:00,3.51,20.1,71.0,4
2026-02-10,21:00,2.97,17.2,74.6,3
2026-02-10,22:00,1.83,17.7,77.9,3
2026-02-10,23:00,1.68,16.2,76.3,3
2026-02-11,00:00,1.21,18.6,73.6,4
2026-02-11,01:00,0.73,16.1,75.2,4
2026-02-11,02:00,0.95,19.9,69.6,4
2026-02-11,03:00,1.35,18.8,69.4,4
2026-02-11,04:00,1.04,22.6,62.4,4
2026-02-11,05:00,1.26,20.7,71.3,4
2026-02-11,06:00,2.61,24.7,60.5,4
2026-02-11,07:00,2.46,22.9,64.1,3
2026-02-11,08:00,1.89,24.7,65.3,2
2026-02-11,09:00,2.42,23.7,57.4,2
2026-02-11,10:00,1.84,26.0,54.7,1
2026-02-11,11:00,1.67,25.0,55.2,2
2026-02-11,12:00,1.7,24.9,55.2,1
2026-02-11,13:00,1.57,28.1,58.1,1
2026-02-11,14:00,1.86,24.8,58.1,2
2026-02-11,15:00,1.78,24.2,63.8,2
2026-02-11,16:00,1.74,24.9,61.1,2
2026-02-11,17:00,2.72,23.0,63.3,2
2026-02-11,18:00,3.16,19.9,64.4,4
2026-02-11,19:00,3.09,22.2,67.8,4
2026-02-11,20:00,2.89,19.2,68.2,3
2026-02-11,21:00,3.59,16.6,77.7,3
2026-02-11,22:00,1.77,20.8,70.2,4
2026-02-11,23:00,1.46,18.1,76.9,4
2026-02-12,00:00,0.95,18.4,74.0,4
2026-02-12,01:00,1.24,17.9,73.7,4
2026-02-12,02:00,0.95,19.9,69.7,4
2026-02-12,03:00,1.06,17.8,71.7,4
2026-02-12,04:00,1.05,21.6,69.8,4
2026-02-12,05:00,0.95,22.3,66.1,4
2026-02-12,06:00,2.35,21.1,63.5,4
2026-02-12,07:00,2.43,21.6,63.9,4
2026-02-12,08:00,2.02,22.7,56.0,2
2026-02-12,09:00,2.12,25.2,60.4,1
2026-02-12,10:00,1.71,25.1,56.5,2
2026-02-12,11:00,1.84,26.2,53.5,2
2026-02-12,12:00,1.6,24.3,55.2,2
2026-02-12,13:00,1.6,23.7,57.1,1
2026-02-12,14:00,1.83,25.4,56.6,2
2026-02-12,15:00,1.6,24.2,61.3,2
2026-02-12,16:00,1.72,22.8,63.5,2
2026-02-12,17:00,3.12,19.0,65.5,2
2026-02-12,18:00,3.78,21.7,65.7,4
2026-02-12,19:00,3.75,18.0,72.2,4
2026-02-12,20:00,3.25,19.6,70.8,4
2026-02-12,21:00,3.73,19.0,70.2,4
2026-02-12,22:00,1.59,17.3,80.1,4
2026-02-12,23:00,1.59,17.0,75.5,3
2026-02-13,00:00,1.25,17.7,80.1,4
2026-02-13,01:00,1.14,17.7,75.3,4
2026-02-13,02:00,1.2,19.1,74.9,4
2026-02-13,03:00,1.09,19.0,68.3,4
2026-02-13,04:00,0.93,20.4,68.2,4
2026-02-13,05:00,1.12,20.3,64.6,4
2026-02-13,06:00,2.27,21.1,61.5,4
2026-02-13,07:00,2.17,23.3,55.7,4
2026-02-13,08:00,2.68,20.8,60.8,1
2026-02-13,09:00,2.52,27.5,55.8,2
2026-02-13,10:00,1.93,23.2,60.6,2
2026-02-13,11:00,1.65,24.7,56.5,2
2026-02-13,12:00,1.32,23.8,60.8,1
2026-02-13,13:00,1.97,24.3,56.6,2
2026-02-13,14:00,1.72,25.0,52.9,2
2026-02-13,15:00,1.81,23.1,59.3,2
2026-02-13,16:00,1.79,20.4,61.2,2
2026-02-13,17:00,3.31,21.9,65.4,2
2026-02-13,18:00,3.17,18.8,67.0,4
2026-02-13,19:00,3.05,17.3,74.4,3
2026-02-13,20:00,3.52,19.7,70.7,4
2026-02-13,21:00,3.46,16.8,77.1,3
2026-02-13,22:00,1.68,17.5,74.6,4
2026-02-13,23:00,1.6,15.0,75.9,4
2026-02-14,00:00,0.87,17.9,73.0,4
2026-02-14,01:00,0.83,16.5,74.4,4
2026-02-14,02:00,1.09,15.9,68.4,4
2026-02-14,03:00,1.05,20.0,67.8,4
2026-02-14,04:00,0.89,19.7,66.6,4
2026-02-14,05:00,1.11,20.3,63.8,4
2026-02-14,06:00,2.21,22.1,66.3,4
2026-02-14,07:00,2.53,23.1,64.7,3
2026-02-14,08:00,2.21,23.4,58.6,4
2026-02-14,09:00,1.94,22.5,59.1,4
2026-02-14,10:00,2.23,23.5,56.9,4
2026-02-14,11:00,2.34,22.4,57.0,4
2026-02-14,12:00,1.94,23.4,56.6,3
2026-02-14,13:00,1.8,24.3,52.5,3
2026-02-14,14:00,2.16,23.0,57.6,4
2026-02-14,15:00,2.26,21.2,58.8,4
2026-02-14,16:00,1.97,21.6,63.0,3
2026-02-14,17:00,3.18,22.0,61.5,4
2026-02-14,18:00,3.39,19.9,70.2,3
2026-02-14,19:00,2.89,17.9,73.1,3
2026-02-14,20:00,3.42,18.1,68.8,4
2026-02-14,21:00,3.1,16.7,71.8,4
2026-02-14,22:00,1.87,18.1,79.7,4
2026-02-14,23:00,1.38,15.9,74.6,3
2026-02-15,00:00,1.01,16.2,77.1,4
2026-02-15,01:00,1.13,16.8,69.5,4
2026-02-15,02:00,1.09,17.0,71.3,4
2026-02-15,03:00,0.98,18.2,68.9,4
2026-02-15,04:00,1.08,20.2,65.2,4
2026-02-15,05:00,1.04,21.6,60.8,4
2026-02-15,06:00,2.28,21.1,64.2,4
2026-02-15,07:00,2.26,23.8,62.9,4
2026-02-15,08:00,2.36,22.9,52.9,4
2026-02-15,09:00,2.55,24.0,50.8,4
2026-02-15,10:00,2.32,23.4,46.6,4
2026-02-15,11:00,2.28,23.9,59.5,4
2026-02-15,12:00,2.39,23.4,58.5,4
2026-02-15,13:00,2.14,23.4,59.9,4
2026-02-15,14:00,2.19,23.2,59.6,3
2026-02-15,15:00,2.38,22.9,59.0,4
2026-02-15,16:00,1.99,21.0,60.7,3
2026-02-15,17:00,3.64,22.5,62.8,4
2026-02-15,18:00,3.28,19.8,65.4,4
2026-02-15,19:00,3.25,17.0,69.7,3
2026-02-15,20:00,3.34,17.1,73.7,4
2026-02-15,21:00,3.29,17.7,70.6,3
2026-02-15,22:00,1.62,15.9,73.7,4
2026-02-15,23:00,1.69,14.6,75.5,3
2026-02-16,00:00,0.79,16.9,79.2,4
2026-02-16,01:00,1.12,17.5,71.9,4
2026-02-16,02:00,0.83,16.7,69.8,4
2026-02-16,03:00,1.02,19.7,73.5,4
2026-02-16,04:00,0.84,19.5,68.9,4
2026-02-16,05:00,1.34,19.6,65.9,4
2026-02-16,06:00,2.32,20.2,60.6,4
2026-02-16,07:00,2.55,19.6,61.2,4
2026-02-16,08:00,1.82,22.7,60.2,1
2026-02-16,09:00,2.24,22.4,63.8,1
2026-02-16,10:00,1.62,23.2,52.0,1
2026-02-16,11:00,1.6,23.9,56.1,1
2026-02-16,12:00,1.66,24.2,59.7,1
2026-02-16,13:00,1.97,21.9,60.4,2
2026-02-16,14:00,1.76,26.3,54.6,1
2026-02-16,15:00,1.49,19.2,61.7,1
2026-02-16,16:00,1.32,23.0,60.1,1
2026-02-16,17:00,3.47,19.1,59.1,2
2026-02-16,18:00,2.92,18.6,70.0,4
2026-02-16,19:00,3.24,17.2,74.9,3
2026-02-16,20:00,2.76,19.6,73.2,4
2026-02-16,21:00,3.14,15.3,72.2,3
2026-02-16,22:00,1.37,17.6,74.7,4
2026-02-16,23:00,1.68,15.8,74.8,4
2026-02-17,00:00,1.41,15.0,69.9,4
2026-02-17,01:00,1.29,14.3,68.1,4
2026-02-17,02:00,1.25,16.3,69.6,4
2026-02-17,03:00,0.83,18.4,72.6,4
2026-02-17,04:00,1.11,20.3,67.2,4
2026-02-17,05:00,0.99,19.1,64.9,4
2026-02-17,06:00,2.46,21.5,69.0,4
2026-02-17,07:00,2.67,20.9,62.1,4
2026-02-17,08:00,2.01,23.8,53.0,2
2026-02-17,09:00,2.07,23.0,53.3,1
2026-02-17,10:00,1.77,22.6,59.6,2
2026-02-17,11:00,1.84,24.3,55.8,2
2026-02-17,12:00,1.83,22.6,53.0,2
2026-02-17,13:00,1.63,24.0,53.6,2
2026-02-17,14:00,1.65,21.8,62.8,1
2026-02-17,15:00,1.53,19.6,59.7,1
2026-02-17,16:00,1.68,18.8,62.1,2
2026-02-17,17:00,3.17,18.7,63.8,1
2026-02-17,18:00,3.63,19.7,66.9,4
2026-02-17,19:00,3.54,16.1,69.4,3
2026-02-17,20:00,3.61,14.9,76.3,4
2026-02-17,21:00,3.92,14.1,76.7,4
2026-02-17,22:00,1.71,15.9,72.9,4
2026-02-17,23:00,1.77,14.3,72.1,4
2026-02-18,00:00,1.28,16.8,77.3,4
2026-02-18,01:00,1.08,14.9,76.8,4
2026-02-18,02:00,0.88,17.5,69.7,4
2026-02-18,03:00,1.12,19.5,67.5,4
2026-02-18,04:00,0.84,17.6,61.9,4
2026-02-18,05:00,0.99,16.9,65.4,4
2026-02-18,06:00,2.79,20.3,59.1,4
2026-02-18,07:00,1.81,20.0,60.4,4
2026-02-18,08:00,1.94,22.9,61.7,2
2026-02-18,09:00,1.8,22.2,56.5,1
2026-02-18,10:00,1.63,23.4,60.3,1
2026-02-18,11:00,1.33,23.1,50.4,2
2026-02-18,12:00,1.64,23.1,55.1,2
2026-02-18,13:00,1.89,22.5,56.2,2
2026-02-18,14:00,1.72,21.6,55.7,1
2026-02-18,15:00,1.5,20.4,61.6,1
2026-02-18,16:00,1.72,18.9,62.7,2
2026-02-18,17:00,3.03,19.2,64.2,2
2026-02-18,18:00,3.24,16.5,65.8,4
2026-02-18,19:00,3.11,15.8,65.4,4
2026-02-18,20:00,3.09,16.3,71.5,3
2026-02-18,21:00,3.68,15.5,79.1,4
2026-02-18,22:00,1.53,13.5,77.6,3
2026-02-18,23:00,1.6,15.0,82.0,4
2026-02-19,00:00,0.82,14.4,77.5,4
2026-02-19,01:00,0.99,14.4,77.0,4
2026-02-19,02:00,1.11,15.6,73.8,4
2026-02-19,03:00,0.97,15.1,67.0,4
2026-02-19,04:00,1.09,16.4,68.0,4
2026-02-19,05:00,0.92,15.0,62.4,4
2026-02-19,06:00,2.49,19.2,63.7,4
2026-02-19,07:00,2.49,21.0,65.6,4
2026-02-19,08:00,2.1,23.5,64.8,2
2026-02-19,09:00,2.25,23.2,52.2,2
2026-02-19,10:00,1.91,22.3,61.1,2
2026-02-19,11:00,1.4,21.5,53.8,1
2026-02-19,12:00,1.71,21.1,49.6,2
2026-02-19,13:00,1.92,23.5,57.4,2
2026-02-19,14:00,1.61,22.3,56.3,2
2026-02-19,15:00,1.57,19.3,54.8,1
2026-02-19,16:00,1.75,15.7,64.2,2
2026-02-19,17:00,3.14,18.7,68.2,2
2026-02-19,18:00,2.58,16.1,71.9,3
2026-02-19,19:00,3.84,15.0,68.9,4
2026-02-19,20:00,3.39,16.2,71.2,4
2026-02-19,21:00,3.4,13.9,79.5,4
2026-02-19,22:00,1.75,14.0,73.1,4
2026-02-19,23:00,1.86,11.6,72.0,4
2026-02-20,00:00,1.24,14.1,75.8,4
2026-02-20,01:00,1.02,14.6,76.0,4
2026-02-20,02:00,1.23,14.2,72.7,4
2026-02-20,03:00,1.26,15.1,67.5,4
2026-02-20,04:00,1.0,15.1,67.0,4
2026-02-20,05:00,1.34,16.6,67.4,4
2026-02-20,06:00,2.55,17.7,60.0,4
2026-02-20,07:00,2.06,19.0,58.2,3
2026-02-20,08:00,1.76,19.9,60.1,2
2026-02-20,09:00,2.18,20.2,60.9,1
2026-02-20,10:00,1.55,21.2,58.4,2
2026-02-20,11:00,1.67,23.1,55.5,2
2026-02-20,12:00,1.9,21.6,55.0,2
2026-02-20,13:00,1.88,19.9,54.1,2
2026-02-20,14:00,1.97,19.8,60.6,2
2026-02-20,15:00,1.55,19.2,62.0,2
2026-02-20,16:00,1.79,19.6,63.0,2
2026-02-20,17:00,3.11,16.9,60.0,2
2026-02-20,18:00,3.91,17.6,62.2,4
2026-02-20,19:00,3.17,16.8,68.0,4
2026-02-20,20:00,3.11,12.4,71.8,4
2026-02-20,21:00,2.99,14.2,72.9,4
2026-02-20,22:00,2.06,13.0,75.6,4
2026-02-20,23:00,1.61,14.3,75.9,3
2026-02-21,00:00,0.97,15.9,77.6,4
2026-02-21,01:00,1.23,14.1,71.6,4
2026-02-21,02:00,1.23,15.1,66.6,4
2026-02-21,03:00,1.32,16.2,62.9,4
2026-02-21,04:00,0.98,17.4,68.7,4
2026-02-21,05:00,0.97,17.6,63.2,4
2026-02-21,06:00,2.58,19.1,62.0,4
2026-02-21,07:00,2.11,20.3,61.0,3
2026-02-21,08:00,2.56,18.5,61.6,4
2026-02-21,09:00,2.76,19.6,59.6,4
2026-02-21,10:00,2.12,22.7,59.3,3
2026-02-21,11:00,2.21,20.2,53.4,4
2026-02-21,12:00,2.16,22.4,54.0,4
2026-02-21,13:00,2.12,22.9,56.0,4
2026-02-21,14:00,2.01,21.0,57.8,4
2026-02-21,15:00,2.23,20.4,57.8,4
2026-02-21,16:00,1.89,18.1,63.1,4
2026-02-21,17:00,3.54,16.7,68.4,3
2026-02-21,18:00,3.12,15.0,64.2,4
2026-02-21,19:00,3.73,15.2,73.0,4
2026-02-21,20:00,3.37,12.1,65.4,3
2026-02-21,21:00,3.5,14.2,72.3,4
2026-02-21,22:00,1.74,12.8,76.2,3
2026-02-21,23:00,1.35,14.4,76.8,4
2026-02-22,00:00,1.13,13.7,79.1,4
2026-02-22,01:00,1.24,12.9,74.0,4
2026-02-22,02:00,1.23,15.6,72.9,4
2026-02-22,03:00,1.52,12.9,72.2,4
2026-02-22,04:00,0.89,16.9,71.1,4
2026-02-22,05:00,0.97,16.5,66.1,4
2026-02-22,06:00,2.57,18.0,63.6,4
2026-02-22,07:00,2.76,20.3,62.1,4
2026-02-22,08:00,2.55,19.1,60.2,4
2026-02-22,09:00,2.21,20.2,56.6,4
2026-02-22,10:00,2.21,19.6,57.0,4
2026-02-22,11:00,2.13,18.9,56.3,4
2026-02-22,12:00,2.28,21.7,55.3,4
2026-02-22,13:00,2.15,19.0,54.6,4
2026-02-22,14:00,1.95,20.6,63.0,3
2026-02-22,15:00,2.04,20.0,53.5,4
2026-02-22,16:00,1.83,16.6,58.4,3
2026-02-22,17:00,3.53,17.1,64.4,3
2026-02-22,18:00,3.59,15.9,65.4,3
2026-02-22,19:00,3.41,14.5,66.4,4
2026-02-22,20:00,3.31,13.1,71.2,4
2026-02-22,21:00,3.46,12.0,72.4,4
2026-02-22,22:00,1.83,11.3,76.3,4
2026-02-22,23:00,2.04,13.8,76.5,3
2026-02-23,00:00,1.19,13.9,79.1,4
2026-02-23,01:00,1.51,12.4,74.2,4
2026-02-23,02:00,1.3,14.9,75.7,4
2026-02-23,03:00,1.23,13.7,70.7,4
2026-02-23,04:00,0.77,17.2,63.5,4
2026-02-23,05:00,1.14,15.7,66.1,4
2026-02-23,06:00,2.87,17.3,61.7,4
2026-02-23,07:00,2.07,19.4,62.6,4
2026-02-23,08:00,1.89,20.9,53.7,2
2026-02-23,09:00,2.46,20.6,53.1,2
2026-02-23,10:00,1.62,19.9,56.6,2
2026-02-23,11:00,1.73,19.3,55.7,2
2026-02-23,12:00,1.66,20.1,57.9,2
2026-02-23,13:00,1.44,20.1,54.8,1
2026-02-23,14:00,1.5,18.7,56.4,1
2026-02-23,15:00,1.62,19.6,59.2,2
2026-02-23,16:00,1.39,17.2,62.7,1
2026-02-23,17:00,2.73,15.8,64.0,2
2026-02-23,18:00,3.89,15.3,64.6,4
2026-02-23,19:00,3.45,14.1,75.3,3
2026-02-23,20:00,3.68,12.7,68.8,4
2026-02-23,21:00,3.66,11.9,74.1,4
2026-02-23,22:00,2.21,11.9,78.5,4
2026-02-23,23:00,1.76,12.3,80.2,4
2026-02-24,00:00,1.32,10.8,73.9,4
2026-02-24,01:00,1.57,11.7,71.0,4
2026-02-24,02:00,0.93,14.9,70.5,4
2026-02-24,03:00,1.04,16.7,69.3,4
2026-02-24,04:00,1.31,14.3,72.8,4
2026-02-24,05:00,1.15,15.2,60.9,4
2026-02-24,06:00,2.5,18.2,63.7,4
2026-02-24,07:00,2.74,17.4,58.2,4
2026-02-24,08:00,2.08,19.3,54.3,2
2026-02-24,09:00,2.27,19.5,64.6,2
2026-02-24,10:00,1.82,19.4,59.5,2
2026-02-24,11:00,1.71,21.7,50.8,2
2026-02-24,12:00,1.68,17.7,54.7,2
2026-02-24,13:00,1.81,20.0,56.5,2
2026-02-24,14:00,1.67,19.4,64.4,2
2026-02-24,15:00,1.6,16.6,60.7,2
2026-02-24,16:00,1.64,18.5,61.6,2
2026-02-24,17:00,3.25,15.1,67.2,2
2026-02-24,18:00,3.21,15.3,59.7,4
2026-02-24,19:00,3.36,11.7,71.4,4
2026-02-24,20:00,3.77,13.9,74.3,4
2026-02-24,21:00,3.23,12.4,73.0,3
2026-02-24,22:00,1.55,12.8,78.0,3
2026-02-24,23:00,1.88,10.4,70.7,4
2026-02-25,00:00,1.62,10.1,70.9,4
2026-02-25,01:00,1.31,12.7,73.1,4
2026-02-25,02:00,1.23,12.1,72.4,4
2026-02-25,03:00,1.47,11.7,72.0,4
2026-02-25,04:00,1.36,14.3,69.4,4
2026-02-25,05:00,1.22,15.4,63.2,4
2026-02-25,06:00,3.04,15.9,64.7,4
2026-02-25,07:00,2.4,18.8,62.2,3
2026-02-25,08:00,2.2,15.8,64.3,2
2026-02-25,09:00,2.0,18.2,61.1,1
2026-02-25,10:00,1.74,19.7,52.5,2
2026-02-25,11:00,1.77,19.2,51.7,2
2026-02-25,12:00,1.75,19.2,57.0,2
2026-02-25,13:00,1.48,18.0,58.6,1
2026-02-25,14:00,1.61,14.4,58.3,1
2026-02-25,15:00,1.87,17.7,66.0,1
2026-02-25,16:00,1.81,16.0,59.9,2
2026-02-25,17:00,2.78,14.7,66.2,2
2026-02-25,18:00,3.95,12.3,71.4,4
2026-02-25,19:00,3.82,11.6,72.3,4
2026-02-25,20:00,3.77,11.1,72.8,4
2026-02-25,21:00,3.83,10.6,72.4,4
2026-02-25,22:00,2.14,12.0,74.7,4
2026-02-25,23:00,1.95,10.7,65.2,4
2026-02-26,00:00,1.39,11.5,75.5,4
2026-02-26,01:00,1.69,9.1,69.1,4
2026-02-26,02:00,1.38,9.7,71.6,4
2026-02-26,03:00,1.23,12.4,64.3,4
2026-02-26,04:00,1.06,14.5,61.7,4
2026-02-26,05:00,1.36,12.5,64.7,4
2026-02-26,06:00,2.7,15.7,57.6,4
2026-02-26,07:00,2.4,15.8,59.8,3
2026-02-26,08:00,1.8,18.6,52.2,1
2026-02-26,09:00,2.39,18.8,55.3,2
2026-02-26,10:00,1.55,19.5,54.5,1
2026-02-26,11:00,1.72,18.6,52.5,2
2026-02-26,12:00,1.58,18.6,56.1,1
2026-02-26,13:00,1.56,19.2,59.1,2
2026-02-26,14:00,1.66,18.7,54.4,1
2026-02-26,15:00,1.73,17.5,54.3,2
2026-02-26,16:00,1.99,15.2,60.1,2
2026-02-26,17:00,2.74,13.9,62.6,1
2026-02-26,18:00,4.04,13.4,64.9,4
2026-02-26,19:00,3.06,13.3,63.5,3
2026-02-26,20:00,2.88,12.2,73.2,3
2026-02-26,21:00,3.57,14.2,75.3,4
2026-02-26,22:00,2.13,10.0,74.8,4
2026-02-26,23:00,1.86,11.8,75.4,4
2026-02-27,00:00,1.55,9.5,72.2,4
2026-02-27,01:00,1.55,9.1,74.2,4
2026-02-27,02:00,1.94,11.1,72.5,4
2026-02-27,03:00,1.2,14.2,66.3,4
2026-02-27,04:00,1.04,14.5,62.5,4
2026-02-27,05:00,1.31,15.7,68.0,4
2026-02-27,06:00,2.4,15.7,63.6,4
2026-02-27,07:00,2.76,15.9,57.7,3
2026-02-27,08:00,2.25,16.4,58.7,2
2026-02-27,09:00,2.13,16.4,54.6,2
2026-02-27,10:00,1.75,18.0,52.4,1
2026-02-27,11:00,1.63,17.6,53.7,1
2026-02-27,12:00,1.78,16.6,51.0,2
2026-02-27,13:00,1.81,17.3,53.6,2
2026-02-27,14:00,1.59,16.2,57.1,2
2026-02-27,15:00,1.44,16.7,64.0,2
2026-02-27,16:00,1.7,15.5,65.0,2
2026-02-27,17:00,3.55,12.9,66.3,2
2026-02-27,18:00,3.27,15.2,68.5,3
2026-02-27,19:00,3.31,12.7,72.0,3
2026-02-27,20:00,3.72,9.8,71.6,4
2026-02-27,21:00,4.05,10.4,80.1,4
2026-02-27,22:00,1.85,9.8,76.3,3
2026-02-27,23:00,1.83,10.4,76.2,3
2026-02-28,00:00,1.73,11.5,70.5,4
2026-02-28,01:00,1.47,12.1,69.9,4
2026-02-28,02:00,1.73,10.8,73.4,4
2026-02-28,03:00,1.44,12.5,67.2,4
2026-02-28,04:00,1.18,12.8,70.8,4
2026-02-28,05:00,1.18,13.9,66.6,4
2026-02-28,06:00,2.85,14.3,61.7,4
2026-02-28,07:00,2.23,15.2,57.8,4
2026-02-28,08:00,2.49,15.6,51.7,4
2026-02-28,09:00,2.58,14.8,54.8,3
2026-02-28,10:00,2.26,16.4,58.0,4
2026-02-28,11:00,2.47,17.8,56.7,4
2026-02-28,12:00,2.25,17.5,55.5,4
2026-02-28,13:00,2.17,20.2,50.0,3
2026-02-28,14:00,1.97,16.6,59.6,3
2026-02-28,15:00,2.55,15.8,62.1,3
2026-02-28,16:00,2.16,15.9,59.9,4
2026-02-28,17:00,3.34,13.3,59.6,4
2026-02-28,18:00,3.45,14.4,71.5,3
2026-02-28,19:00,3.32,11.6,74.8,3
2026-02-28,20:00,3.39,10.3,72.1,3
2026-02-28,21:00,3.36,12.8,74.1,4
2026-02-28,22:00,2.62,8.0,74.0,4
2026-02-28,23:00,2.21,8.2,71.9,4
2026-03-01,00:00,1.59,10.4,77.6,4
2026-03-01,01:00,1.77,10.9,75.8,4
2026-03-01,02:00,1.75,10.5,67.2,4
2026-03-01,03:00,1.07,12.1,71.5,4
2026-03-01,04:00,0.89,14.4,66.0,4
2026-03-01,05:00,1.23,13.6,68.4,4
2026-03-01,06:00,2.58,14.4,63.3,4
2026-03-01,07:00,2.37,14.2,62.1,4
2026-03-01,08:00,2.35,17.5,56.8,4
2026-03-01,09:00,2.45,15.4,58.6,3
2026-03-01,10:00,2.12,17.8,55.4,4
2026-03-01,11:00,1.98,17.5,53.7,4
2026-03-01,12:00,2.46,16.4,58.0,4
2026-03-01,13:00,2.23,17.7,61.0,4
2026-03-01,14:00,1.96,18.4,64.1,4
2026-03-01,15:00,2.18,15.7,60.3,4
2026-03-01,16:00,2.18,15.1,62.5,4
2026-03-01,17:00,3.93,13.4,68.6,4
2026-03-01,18:00,4.17,10.2,65.5,4
2026-03-01,19:00,3.72,9.9,68.5,4
2026-03-01,20:00,3.99,11.6,68.7,3
2026-03-01,21:00,3.49,9.2,73.8,4
2026-03-01,22:00,2.12,10.7,76.2,4
2026-03-01,23:00,1.69,10.3,75.2,3
2026-03-02,00:00,1.73,8.9,82.3,4
2026-03-02,01:00,1.28,9.8,70.0,4
2026-03-02,02:00,1.59,8.5,74.5,4
2026-03-02,03:00,1.57,10.1,68.0,4
2026-03-02,04:00,1.42,11.9,67.5,4
2026-03-02,05:00,1.26,14.0,64.0,4
2026-03-02,06:00,2.65,14.7,63.8,4
2026-03-02,07:00,2.18,14.6,58.7,3
2026-03-02,08:00,1.93,15.3,59.5,2
2026-03-02,09:00,2.38,17.9,56.9,1
2026-03-02,10:00,1.83,16.8,54.7,2
2026-03-02,11:00,1.59,17.5,61.8,2
2026-03-02,12:00,1.44,17.6,53.8,1
2026-03-02,13:00,2.01,16.5,56.8,1
2026-03-02,14:00,1.63,15.7,54.5,1
2026-03-02,15:00,1.84,12.6,59.7,1
2026-03-02,16:00,1.72,15.0,65.3,2
2026-03-02,17:00,2.77,12.8,62.7,1
2026-03-02,18:00,3.61,10.6,68.4,3
2026-03-02,19:00,3.2,13.1,66.1,3
2026-03-02,20:00,3.77,10.7,72.8,4
2026-03-02,21:00,4.21,7.1,72.6,4
2026-03-02,22:00,2.23,8.1,67.3,4
2026-03-02,23:00,2.17,8.2,69.5,4
2026-03-03,00:00,1.49,9.6,76.5,4
2026-03-03,01:00,1.74,8.8,74.1,4
2026-03-03,02:00,1.57,8.0,75.8,4
2026-03-03,03:00,1.34,10.9,70.3,4
2026-03-03,04:00,1.38,12.7,66.4,4
2026-03-03,05:00,1.17,12.2,63.5,4
2026-03-03,06:00,3.07,13.2,63.4,4
2026-03-03,07:00,2.87,13.5,58.7,4
2026-03-03,08:00,2.09,16.2,63.4,2
2026-03-03,09:00,2.39,15.9,57.3,1
2026-03-03,10:00,1.45,17.4,54.5,1
2026-03-03,11:00,1.67,16.9,59.7,2
2026-03-03,12:00,1.67,16.5,59.7,2
2026-03-03,13:00,1.69,16.8,59.0,2
2026-03-03,14:00,1.67,15.9,59.9,2
2026-03-03,15:00,1.65,15.6,58.4,2
2026-03-03,16:00,1.78,11.8,60.9,1
2026-03-03,17:00,3.05,12.2,66.8,2
2026-03-03,18:00,3.59,13.1,65.3,3
2026-03-03,19:00,3.48,12.0,68.0,4
2026-03-03,20:00,3.62,11.1,70.4,4
2026-03-03,21:00,3.58,10.3,74.7,4
2026-03-03,22:00,2.62,7.3,76.8,4
2026-03-03,23:00,1.76,7.2,76.8,3
2026-03-04,00:00,1.76,7.9,76.6,4
2026-03-04,01:00,1.64,10.7,76.1,4
2026-03-04,02:00,1.52,8.9,74.8,4
2026-03-04,03:00,1.11,12.1,68.8,4
2026-03-04,04:00,1.54,11.5,69.9,4
2026-03-04,05:00,1.46,11.3,65.9,4
2026-03-04,06:00,2.68,13.3,59.9,4
2026-03-04,07:00,2.23,13.5,65.7,4
2026-03-04,08:00,2.33,14.4,57.1,1
2026-03-04,09:00,2.11,17.5,53.4,2
2026-03-04,10:00,1.6,17.5,56.0,1
2026-03-04,11:00,1.75,16.3,53.4,2
2026-03-04,12:00,1.49,16.8,50.1,1
2026-03-04,13:00,1.94,15.5,57.1,2
2026-03-04,14:00,1.64,14.2,56.4,1
2026-03-04,15:00,1.9,13.3,59.0,1
2026-03-04,16:00,1.63,12.1,63.7,1
2026-03-04,17:00,3.85,11.6,64.0,1
2026-03-04,18:00,3.44,11.0,66.1,4
2026-03-04,19:00,4.17,10.3,71.8,4
2026-03-04,20:00,3.79,9.9,73.1,4
2026-03-04,21:00,3.69,9.8,68.8,4
2026-03-04,22:00,2.3,7.6,73.8,4
2026-03-04,23:00,2.44,6.4,79.1,4
2026-03-05,00:00,1.66,6.1,72.2,4
2026-03-05,01:00,1.75,8.6,75.0,4
2026-03-05,02:00,1.68,9.8,72.1,4
2026-03-05,03:00,1.49,9.5,68.2,4
2026-03-05,04:00,1.46,11.9,67.1,4
2026-03-05,05:00,1.1,12.1,69.1,4
2026-03-05,06:00,2.58,12.7,58.5,4
2026-03-05,07:00,2.22,14.3,60.3,3
2026-03-05,08:00,2.07,16.2,53.5,2
2026-03-05,09:00,2.14,16.4,50.7,2
2026-03-05,10:00,1.72,16.3,51.6,2
2026-03-05,11:00,1.61,16.7,55.6,2
2026-03-05,12:00,1.52,17.0,54.1,2
2026-03-05,13:00,1.69,15.1,58.1,2
2026-03-05,14:00,1.63,15.9,55.6,2
2026-03-05,15:00,1.98,12.7,62.1,2
2026-03-05,16:00,1.6,11.8,61.2,2
2026-03-05,17:00,3.21,12.9,64.5,2
2026-03-05,18:00,3.29,10.0,62.3,3
2026-03-05,19:00,3.8,10.9,71.3,4
2026-03-05,20:00,3.41,9.5,71.9,3
2026-03-05,21:00,4.16,7.3,72.4,4
2026-03-05,22:00,2.85,6.4,80.0,4
2026-03-05,23:00,2.17,9.2,74.7,4
2026-03-06,00:00,1.56,9.1,78.9,4
2026-03-06,01:00,1.73,7.3,67.7,4
2026-03-06,02:00,1.89,6.6,72.0,4
2026-03-06,03:00,1.4,10.8,70.3,4
2026-03-06,04:00,1.15,10.3,66.1,4
2026-03-06,05:00,1.21,10.2,66.9,4
2026-03-06,06:00,2.79,12.9,62.5,4
2026-03-06,07:00,2.6,13.6,55.9,4
2026-03-06,08:00,2.17,14.1,61.0,2
2026-03-06,09:00,2.06,15.0,54.5,1
2026-03-06,10:00,1.92,12.9,60.1,1
2026-03-06,11:00,1.36,16.3,55.5,1
2026-03-06,12:00,1.64,15.0,57.9,2
2026-03-06,13:00,2.01,12.1,55.7,2
2026-03-06,14:00,1.93,14.6,60.1,2
2026-03-06,15:00,1.5,14.0,63.6,1
2026-03-06,16:00,1.75,13.3,64.3,2
2026-03-06,17:00,3.27,9.8,62.8,2
2026-03-06,18:00,3.8,9.8,70.2,4
2026-03-06,19:00,3.59,9.6,69.5,3
2026-03-06,20:00,3.95,9.1,76.9,3
2026-03-06,21:00,3.81,11.1,70.5,4
2026-03-06,22:00,2.46,8.5,69.8,4
2026-03-06,23:00,2.11,7.3,73.9,4
2026-03-07,00:00,1.45,9.0,76.6,4
2026-03-07,01:00,1.77,8.5,73.1,4
2026-03-07,02:00,1.54,9.9,72.0,4
2026-03-07,03:00,1.52,10.4,66.9,4
2026-03-07,04:00,1.5,10.9,66.8,4
2026-03-07,05:00,1.41,12.3,68.3,4
2026-03-07,06:00,2.72,12.0,62.7,4
2026-03-07,07:00,2.46,13.0,57.1,4
2026-03-07,08:00,2.71,14.3,55.5,4
2026-03-07,09:00,2.28,16.1,61.3,3
2026-03-07,10:00,2.64,14.8,59.9,4
2026-03-07,11:00,2.43,15.1,50.4,4
2026-03-07,12:00,2.21,15.5,56.8,4
2026-03-07,13:00,2.44,13.8,59.8,4
2026-03-07,14:00,2.42,12.5,60.0,3
2026-03-07,15:00,2.37,13.0,64.9,4
2026-03-07,16:00,2.54,12.2,64.7,4
2026-03-07,17:00,3.84,9.7,65.6,4
2026-03-07,18:00,3.53,11.5,67.9,4
2026-03-07,19:00,4.02,9.3,67.2,4
2026-03-07,20:00,4.09,8.1,66.7,4
2026-03-07,21:00,4.12,6.3,75.5,3
2026-03-07,22:00,2.45,6.4,75.8,3
2026-03-07,23:00,2.44,6.7,75.6,4
2026-03-08,00:00,2.01,6.4,76.8,4
2026-03-08,01:00,1.76,8.5,72.7,4
2026-03-08,02:00,2.15,5.0,76.1,4
2026-03-08,03:00,1.37,9.9,75.3,4
2026-03-08,04:00,1.31,10.0,67.8,4
2026-03-08,05:00,1.26,10.8,64.7,4
2026-03-08,06:00,2.45,13.9,60.4,4
2026-03-08,07:00,2.77,13.2,57.9,4
2026-03-08,08:00,2.69,13.4,53.6,4
2026-03-08,09:00,2.54,15.5,56.8,4
2026-03-08,10:00,2.12,18.0,55.5,4
2026-03-08,11:00,2.22,18.5,51.0,4
2026-03-08,12:00,2.34,15.2,59.4,4
2026-03-08,13:00,2.33,14.0,53.5,4
2026-03-08,14:00,2.25,12.7,58.1,3
2026-03-08,15:00,2.52,11.3,63.8,4
2026-03-08,16:00,2.51,10.6,61.9,3
2026-03-08,17:00,3.8,9.0,66.0,4
2026-03-08,18:00,4.03,10.4,68.0,4
2026-03-08,19:00,3.73,8.1,69.7,4
2026-03-08,20:00,3.86,7.5,71.8,3
2026-03-08,21:00,4.38,5.1,76.6,4
2026-03-08,22:00,2.37,8.7,73.9,4
2026-03-08,23:00,2.27,5.8,77.6,3
2026-03-09,00:00,1.83,7.6,75.6,4
2026-03-09,01:00,1.42,7.2,75.3,4
2026-03-09,02:00,1.74,6.2,71.0,4
2026-03-09,03:00,1.68,7.5,63.4,4
2026-03-09,04:00,1.64,10.0,68.6,4
2026-03-09,05:00,1.46,10.7,63.3,4
2026-03-09,06:00,2.48,13.5,68.3,4
2026-03-09,07:00,2.6,11.7,60.1,4
2026-03-09,08:00,2.43,13.9,57.8,2
2026-03-09,09:00,1.95,14.6,56.3,2
2026-03-09,10:00,1.9,12.0,54.7,2
2026-03-09,11:00,1.55,15.3,50.0,1
2026-03-09,12:00,1.29,15.9,53.3,1
2026-03-09,13:00,1.8,14.6,54.6,2
2026-03-09,14:00,1.74,12.8,63.9,2
2026-03-09,15:00,1.75,16.2,58.8,2
2026-03-09,16:00,1.99,11.2,60.6,2
2026-03-09,17:00,3.72,11.5,60.8,2
2026-03-09,18:00,3.87,9.8,69.7,4
2026-03-09,19:00,3.83,7.3,72.0,3
2026-03-09,20:00,3.82,7.8,77.9,3
2026-03-09,21:00,4.48,5.3,79.2,4
2026-03-09,22:00,2.21,6.6,74.3,4
2026-03-09,23:00,2.31,7.0,76.1,3
2026-03-10,00:00,1.65,8.3,75.1,4
2026-03-10,01:00,2.06,4.5,69.8,4
2026-03-10,02:00,1.41,9.2,76.4,4
2026-03-10,03:00,1.48,9.0,70.2,4
2026-03-10,04:00,1.9,8.7,68.1,4
2026-03-10,05:00,1.42,11.4,63.1,4
2026-03-10,06:00,2.66,11.0,57.4,4
2026-03-10,07:00,2.66,13.0,60.9,4
2026-03-10,08:00,2.11,13.7,56.7,2
2026-03-10,09:00,2.48,12.7,58.3,2
2026-03-10,10:00,1.58,15.0,51.8,2
2026-03-10,11:00,1.8,12.1,57.2,1
2026-03-10,12:00,1.43,18.0,52.4,1
2026-03-10,13:00,1.86,13.4,57.1,2
2026-03-10,14:00,1.66,14.2,55.0,2
2026-03-10,15:00,1.93,10.5,53.3,1
2026-03-10,16:00,2.28,11.3,60.5,2
2026-03-10,17:00,2.73,12.1,64.0,1
2026-03-10,18:00,3.59,9.4,68.2,4
2026-03-10,19:00,3.76,8.1,68.1,4
2026-03-10,20:00,3.89,6.1,75.8,3
2026-03-10,21:00,4.1,7.6,71.2,4
2026-03-10,22:00,2.36,4.7,73.3,4
2026-03-10,23:00,1.96,8.6,72.8,3
2026-03-11,00:00,1.5,7.6,74.0,4
2026-03-11,01:00,2.07,5.3,75.0,4
2026-03-11,02:00,1.58,8.9,70.5,4
2026-03-11,03:00,1.18,9.8,69.8,4
2026-03-11,04:00,1.7,7.1,65.6,4
2026-03-11,05:00,1.63,7.0,70.0,4
2026-03-11,06:00,2.91,11.7,63.8,4
2026-03-11,07:00,2.57,11.4,62.4,3
2026-03-11,08:00,2.52,12.9,59.4,1
2026-03-11,09:00,2.26,14.2,58.3,2
2026-03-11,10:00,1.65,15.5,50.5,1
2026-03-11,11:00,2.05,13.4,53.3,2
2026-03-11,12:00,1.61,15.2,53.3,1
2026-03-11,13:00,1.98,13.3,65.0,2
2026-03-11,14:00,2.22,12.3,61.9,2
2026-03-11,15:00,1.94,14.6,66.3,2
2026-03-11,16:00,2.07,11.1,61.8,2
2026-03-11,17:00,3.67,10.0,68.7,2
2026-03-11,18:00,3.68,8.7,71.1,4
2026-03-11,19:00,4.24,7.9,70.4,4
2026-03-11,20:00,4.36,6.7,74.5,4
2026-03-11,21:00,3.89,7.1,78.9,4
2026-03-11,22:00,2.72,5.6,81.0,3
2026-03-11,23:00,2.5,7.5,76.8,4
2026-03-12,00:00,1.76,6.9,72.9,4
2026-03-12,01:00,1.86,6.5,70.2,4
2026-03-12,02:00,1.76,9.5,73.9,4
2026-03-12,03:00,1.41,9.8,70.3,4
2026-03-12,04:00,1.51,11.2,65.9,4
2026-03-12,05:00,1.21,11.3,67.8,4
2026-03-12,06:00,2.49,12.4,62.9,4
2026-03-12,07:00,2.72,13.0,55.5,4
2026-03-12,08:00,2.31,12.0,56.3,1
2026-03-12,09:00,2.42,13.1,50.6,2
2026-03-12,10:00,1.75,14.1,56.7,1
2026-03-12,11:00,1.62,15.6,56.4,2
2026-03-12,12:00,1.7,16.8,55.9,2
2026-03-12,13:00,1.87,14.9,57.1,2
2026-03-12,14:00,1.52,16.1,57.1,1
2026-03-12,15:00,1.63,12.4,63.2,1
2026-03-12,16:00,2.03,9.0,60.7,2
2026-03-12,17:00,3.42,9.8,66.5,2
2026-03-12,18:00,4.14,8.5,64.5,4
2026-03-12,19:00,4.05,9.3,72.9,4
2026-03-12,20:00,4.16,7.0,72.4,4
2026-03-12,21:00,3.76,8.6,69.6,3
2026-03-12,22:00,2.35,7.3,75.8,4
2026-03-12,23:00,2.44,8.1,75.2,4
2026-03-13,00:00,1.73,8.2,76.1,4
2026-03-13,01:00,2.04,7.6,72.6,4
2026-03-13,02:00,1.78,8.3,74.5,4
2026-03-13,03:00,1.54,7.6,71.7,4
2026-03-13,04:00,1.5,8.2,72.8,4
2026-03-13,05:00,1.75,9.2,61.0,4
2026-03-13,06:00,3.14,11.3,61.0,4
2026-03-13,07:00,2.56,12.4,59.7,4
2026-03-13,08:00,2.73,12.1,57.6,2
2026-03-13,09:00,2.11,13.6,58.6,2
2026-03-13,10:00,1.95,14.5,56.1,2
2026-03-13,11:00,2.25,14.1,59.9,2
2026-03-13,12:00,1.75,14.9,56.0,1
2026-03-13,13:00,1.91,12.3,56.9,2
2026-03-13,14:00,1.86,13.6,55.7,2
2026-03-13,15:00,2.26,9.9,56.5,2
2026-03-13,16:00,2.04,10.2,65.6,2
2026-03-13,17:00,3.48,10.7,62.7,2
2026-03-13,18:00,3.72,10.1,65.1,4
2026-03-13,19:00,4.13,6.7,69.4,4
2026-03-13,20:00,3.66,8.7,76.6,4
2026-03-13,21:00,4.54,6.4,73.8,4
2026-03-13,22:00,2.46,5.3,71.2,4
2026-03-13,23:00,2.32,6.2,66.5,3
2026-03-14,00:00,2.01,6.3,76.7,4
2026-03-14,01:00,1.39,9.3,72.6,4
2026-03-14,02:00,1.66,6.4,69.5,4
2026-03-14,03:00,1.66,7.7,70.9,4
2026-03-14,04:00,1.34,8.9,64.8,4
2026-03-14,05:00,1.63,10.3,59.2,4
2026-03-14,06:00,2.77,13.0,60.6,4
2026-03-14,07:00,3.07,9.8,56.0,4
2026-03-14,08:00,2.47,12.8,54.3,3
2026-03-14,09:00,2.63,15.4,56.9,4
2026-03-14,10:00,2.45,13.9,53.1,4
2026-03-14,11:00,2.3,15.5,54.9,3
2026-03-14,12:00,2.17,15.3,52.1,4
2026-03-14,13:00,2.15,14.7,48.2,3
2026-03-14,14:00,2.56,11.2,56.5,4
2026-03-14,15:00,2.4,11.7,58.3,4
2026-03-14,16:00,2.21,13.9,68.0,4
2026-03-14,17:00,3.38,12.0,63.8,4
2026-03-14,18:00,3.9,11.6,62.0,4
2026-03-14,19:00,3.62,6.5,67.3,4
2026-03-14,20:00,4.05,9.0,72.1,4
2026-03-14,21:00,4.21,6.6,73.4,4
2026-03-14,22:00,2.31,6.4,77.6,3
2026-03-14,23:00,2.42,5.3,75.9,4
2026-03-15,00:00,1.63,7.5,74.6,4
2026-03-15,01:00,1.81,6.7,71.4,4
2026-03-15,02:00,1.52,9.3,68.9,4
2026-03-15,03:00,1.74,8.7,71.6,4
2026-03-15,04:00,2.09,7.5,65.1,4
2026-03-15,05:00,1.15,10.4,63.8,4
2026-03-15,06:00,2.45,12.0,63.2,4
2026-03-15,07:00,2.98,11.6,64.2,3
2026-03-15,08:00,2.32,13.1,56.0,3
2026-03-15,09:00,2.45,14.7,59.2,4
2026-03-15,10:00,2.82,13.0,54.2,4
2026-03-15,11:00,2.38,13.1,54.8,4
2026-03-15,12:00,2.34,12.7,56.6,3
2026-03-15,13:00,2.47,14.6,58.8,4
2026-03-15,14:00,2.51,11.8,59.9,3
2026-03-15,15:00,2.42,10.8,59.0,4
2026-03-15,16:00,2.76,11.9,64.4,4
2026-03-15,17:00,3.65,9.8,66.4,3
2026-03-15,18:00,3.6,7.9,64.2,4
2026-03-15,19:00,3.61,7.2,72.6,3
2026-03-15,20:00,3.7,8.3,75.5,4
2026-03-15,21:00,3.76,7.5,77.6,4
2026-03-15,22:00,2.7,6.1,74.7,3
2026-03-15,23:00,2.29,5.1,77.1,3
2026-03-16,00:00,1.61,8.9,73.1,4
2026-03-16,01:00,1.77,7.7,74.9,4
2026-03-16,02:00,1.86,6.6,67.8,4
2026-03-16,03:00,2.02,6.2,68.4,4
2026-03-16,04:00,1.65,8.4,66.7,4
2026-03-16,05:00,1.76,9.4,63.8,4
2026-03-16,06:00,3.19,9.9,62.1,4
2026-03-16,07:00,2.42,12.8,55.0,4
2026-03-16,08:00,2.21,16.2,54.8,2
2026-03-16,09:00,2.12,13.1,54.5,2
2026-03-16,10:00,2.21,11.5,50.8,2
2026-03-16,11:00,1.87,15.4,53.5,2
2026-03-16,12:00,1.72,15.5,60.7,2
2026-03-16,13:00,2.08,10.7,53.9,2
2026-03-16,14:00,2.02,12.5,57.4,1
2026-03-16,15:00,2.08,13.5,59.5,2
2026-03-16,16:00,2.22,11.5,62.6,2
2026-03-16,17:00,3.53,10.1,71.2,2
2026-03-16,18:00,4.16,7.4,68.9,4
2026-03-16,19:00,4.25,8.9,64.2,4
2026-03-16,20:00,3.86,6.0,77.3,4
2026-03-16,21:00,3.69,7.5,74.0,4
2026-03-16,22:00,2.51,5.1,75.5,4
2026-03-16,23:00,2.74,6.6,76.6,4
2026-03-17,00:00,1.72,7.9,71.6,4
2026-03-17,01:00,1.83,6.4,68.2,4
2026-03-17,02:00,1.73,8.3,76.1,4
2026-03-17,03:00,1.59,7.7,66.6,4
2026-03-17,04:00,1.75,9.7,65.0,4
2026-03-17,05:00,1.17,9.4,63.1,4
2026-03-17,06:00,2.79,10.4,62.0,4
2026-03-17,07:00,2.72,11.7,61.5,3
2026-03-17,08:00,2.32,14.0,53.7,2
2026-03-17,09:00,2.09,12.4,54.0,1
2026-03-17,10:00,1.87,13.9,57.5,1
2026-03-17,11:00,1.76,13.6,50.1,2
2026-03-17,12:00,2.12,13.2,51.6,2
2026-03-17,13:00,1.78,12.1,58.2,2
2026-03-17,14:00,1.99,13.6,57.5,1
2026-03-17,15:00,2.1,10.6,58.3,2
2026-03-17,16:00,1.93,10.9,61.4,1
2026-03-17,17:00,3.72,9.6,58.8,2
2026-03-17,18:00,3.88,6.8,69.4,3
2026-03-17,19:00,4.1,8.5,69.1,4
2026-03-17,20:00,3.99,6.1,71.1,4
2026-03-17,21:00,3.97,6.7,77.9,3
2026-03-17,22:00,2.57,6.3,71.9,4
2026-03-17,23:00,2.12,7.5,76.4,3
2026-03-18,00:00,1.66,6.1,73.6,4
2026-03-18,01:00,1.8,7.3,76.1,4
2026-03-18,02:00,1.63,8.5,71.3,4
2026-03-18,03:00,1.51,8.3,71.7,4
2026-03-18,04:00,1.59,7.5,71.9,4
2026-03-18,05:00,1.81,11.6,66.8,4
2026-03-18,06:00,3.19,7.8,63.4,4
2026-03-18,07:00,2.87,9.9,59.4,4
2026-03-18,08:00,2.57,12.9,55.5,2
2026-03-18,09:00,2.26,13.7,58.1,1
2026-03-18,10:00,1.49,15.7,59.1,1
2026-03-18,11:00,1.9,15.0,52.1,2
2026-03-18,12:00,1.83,13.3,52.3,1
2026-03-18,13:00,2.15,10.3,51.1,2
2026-03-18,14:00,1.72,13.0,56.8,2
2026-03-18,15:00,2.2,11.1,61.2,2
2026-03-18,16:00,2.17,11.1,65.9,2
2026-03-18,17:00,2.94,9.1,64.2,1
2026-03-18,18:00,4.04,8.8,68.0,3
2026-03-18,19:00,4.3,9.4,72.1,4
2026-03-18,20:00,3.89,8.9,71.1,4
2026-03-18,21:00,4.23,7.4,78.1,4
2026-03-18,22:00,2.87,4.6,75.3,4
2026-03-18,23:00,2.42,5.5,75.5,3
2026-03-19,00:00,1.91,4.8,71.8,4
2026-03-19,01:00,1.55,6.9,72.9,4
2026-03-19,02:00,1.67,6.9,76.7,4
2026-03-19,03:00,1.47,8.4,69.4,4
2026-03-19,04:00,1.47,9.7,72.2,4
2026-03-19,05:00,1.85,9.3,59.7,4
2026-03-19,06:00,2.96,11.7,59.4,4
2026-03-19,07:00,2.86,10.0,57.6,3
2026-03-19,08:00,2.08,14.0,60.0,1
2026-03-19,09:00,2.04,16.2,58.6,1
2026-03-19,10:00,2.11,11.3,61.0,2
2026-03-19,11:00,1.71,12.1,52.3,2
2026-03-19,12:00,2.21,12.7,54.9,2
2026-03-19,13:00,1.7,14.1,57.0,2
2026-03-19,14:00,1.79,11.9,55.7,1
2026-03-19,15:00,2.01,11.7,59.2,2
2026-03-19,16:00,2.13,10.3,62.8,2
2026-03-19,17:00,3.45,8.2,65.1,1
2026-03-19,18:00,3.75,8.1,65.6,3
2026-03-19,19:00,4.54,7.7,71.9,4
2026-03-19,20:00,4.2,7.6,71.0,4
2026-03-19,21:00,3.9,5.8,75.6,4
2026-03-19,22:00,2.73,4.7,79.3,4
2026-03-19,23:00,2.61,6.0,74.2,4
2026-03-20,00:00,1.66,7.3,66.5,4
2026-03-20,01:00,1.97,4.6,74.0,4
2026-03-20,02:00,1.76,7.6,70.1,4
2026-03-20,03:00,1.75,8.1,70.5,4
2026-03-20,04:00,1.64,9.2,64.9,4
2026-03-20,05:00,1.44,9.6,64.7,4
2026-03-20,06:00,2.56,11.2,62.8,4
2026-03-20,07:00,3.02,10.0,56.7,4
2026-03-20,08:00,2.06,13.6,55.8,1
2026-03-20,09:00,2.31,13.9,53.7,2
2026-03-20,10:00,1.61,15.2,58.7,2
2026-03-20,11:00,1.92,13.2,58.6,2
2026-03-20,12:00,2.05,11.4,51.1,2
2026-03-20,13:00,1.87,12.3,55.1,1
2026-03-20,14:00,1.83,14.8,57.1,1
2026-03-20,15:00,1.93,13.9,64.3,2
2026-03-20,16:00,2.45,8.9,63.8,2
2026-03-20,17:00,3.86,10.1,70.2,2
2026-03-20,18:00,3.93,7.9,72.6,4
2026-03-20,19:00,4.11,9.7,67.6,4
2026-03-20,20:00,4.21,7.7,70.0,4
2026-03-20,21:00,4.26,5.7,74.1,4
2026-03-20,22:00,2.7,5.9,75.8,4
2026-03-20,23:00,2.37,6.6,83.8,4
2026-03-21,00:00,1.58,6.2,77.4,4
2026-03-21,01:00,1.83,5.0,70.7,4
2026-03-21,02:00,1.61,7.7,70.6,4
2026-03-21,03:00,1.61,8.1,72.7,4
2026-03-21,04:00,1.66,9.0,63.1,4
2026-03-21,05:00,1.52,10.9,71.2,4
2026-03-21,06:00,3.07,11.3,62.4,4
2026-03-21,07:00,2.66,14.3,53.6,4
2026-03-21,08:00,2.72,12.0,63.4,3
2026-03-21,09:00,2.54,13.8,49.7,4
2026-03-21,10:00,2.27,15.0,51.4,4
2026-03-21,11:00,2.05,15.5,54.3,3
2026-03-21,12:00,1.99,14.2,51.3,3
2026-03-21,13:00,2.44,14.6,55.1,4
2026-03-21,14:00,2.1,14.5,61.5,4
2026-03-21,15:00,2.66,11.5,61.6,4
2026-03-21,16:00,2.55,14.1,59.7,4
2026-03-21,17:00,3.52,10.8,60.1,4
2026-03-21,18:00,4.11,6.5,72.6,4
2026-03-21,19:00,3.86,7.8,68.1,4
2026-03-21,20:00,4.0,8.1,67.8,3
2026-03-21,21:00,4.51,4.1,72.3,4
2026-03-21,22:00,2.9,4.2,70.2,4
2026-03-21,23:00,2.4,6.3,80.3,4
2026-03-22,00:00,1.78,7.4,72.9,4
2026-03-22,01:00,1.84,5.6,71.1,4
2026-03-22,02:00,1.71,6.2,72.4,4
2026-03-22,03:00,1.78,9.0,65.1,4
2026-03-22,04:00,1.56,8.7,66.8,4
2026-03-22,05:00,1.69,8.9,61.3,4
2026-03-22,06:00,2.69,14.4,63.7,4
2026-03-22,07:00,2.53,15.4,62.2,3
2026-03-22,08:00,2.91,11.9,55.7,4
2026-03-22,09:00,2.72,14.0,54.0,4
2026-03-22,10:00,2.29,13.6,58.0,4
2026-03-22,11:00,2.11,16.7,60.8,3
2026-03-22,12:00,2.52,14.3,58.4,4
2026-03-22,13:00,2.26,13.0,54.8,4
2026-03-22,14:00,2.19,13.8,59.9,4
2026-03-22,15:00,2.41,11.9,56.0,4
2026-03-22,16:00,2.33,12.2,60.2,3
2026-03-22,17:00,3.86,8.6,65.6,4
2026-03-22,18:00,3.56,11.5,72.2,4
2026-03-22,19:00,4.09,8.4,73.0,3
2026-03-22,20:00,3.67,8.0,69.6,4
2026-03-22,21:00,3.6,6.4,71.5,3
2026-03-22,22:00,2.63,6.2,74.6,4
2026-03-22,23:00,2.42,6.6,76.3,4
2026-03-23,00:00,1.66,6.4,71.7,4
2026-03-23,01:00,2.1,6.0,67.3,4
2026-03-23,02:00,1.79,8.6,69.9,4
2026-03-23,03:00,2.15,7.0,66.7,4
2026-03-23,04:00,1.68,9.1,68.3,4
2026-03-23,05:00,1.32,9.7,58.9,4
2026-03-23,06:00,2.78,10.3,62.5,4
2026-03-23,07:00,2.73,13.6,60.7,4
2026-03-23,08:00,2.45,13.1,61.4,2
2026-03-23,09:00,2.65,12.5,55.1,2
2026-03-23,10:00,1.93,15.3,60.3,2
2026-03-23,11:00,1.82,12.4,53.1,1
2026-03-23,12:00,1.59,15.7,51.3,2
2026-03-23,13:00,1.69,12.2,53.9,1
2026-03-23,14:00,1.87,15.4,56.0,2
2026-03-23,15:00,1.9,12.7,60.0,2
2026-03-23,16:00,1.85,12.7,62.9,1
2026-03-23,17:00,3.88,10.0,63.7,2
2026-03-23,18:00,3.72,9.9,69.2,4
2026-03-23,19:00,3.81,8.7,69.4,3
2026-03-23,20:00,3.86,10.2,75.6,4
2026-03-23,21:00,4.32,7.6,71.5,4
2026-03-23,22:00,2.69,5.3,78.6,4
2026-03-23,23:00,2.01,5.8,71.6,3
2026-03-24,00:00,2.02,5.2,80.9,4
2026-03-24,01:00,1.96,6.6,77.0,4
2026-03-24,02:00,1.69,7.2,71.2,4
2026-03-24,03:00,1.51,8.8,68.8,4
2026-03-24,04:00,1.6,10.6,66.9,4
2026-03-24,05:00,1.54,12.5,69.4,4
2026-03-24,06:00,2.94,12.2,62.5,4
2026-03-24,07:00,2.28,13.2,66.7,3
2026-03-24,08:00,2.18,16.1,53.1,2
2026-03-24,09:00,2.42,13.8,55.3,2
2026-03-24,10:00,1.73,13.3,56.3,2
2026-03-24,11:00,1.72,14.2,56.5,2
2026-03-24,12:00,1.33,16.7,59.0,1
2026-03-24,13:00,1.68,13.2,49.5,1
2026-03-24,14:00,1.75,14.6,56.7,1
2026-03-24,15:00,2.03,11.1,62.4,2
2026-03-24,16:00,1.85,12.0,62.1,2
2026-03-24,17:00,3.71,9.5,67.9,2
2026-03-24,18:00,3.85,9.4,69.6,4
2026-03-24,19:00,4.09,8.9,75.9,4
2026-03-24,20:00,3.52,8.7,76.9,3
2026-03-24,21:00,4.04,6.4,72.5,4
2026-03-24,22:00,2.41,4.8,76.5,4
2026-03-24,23:00,2.49,8.4,77.2,4
2026-03-25,00:00,1.89,6.8,74.7,4
2026-03-25,01:00,1.91,7.3,74.7,4
2026-03-25,02:00,1.75,7.5,68.7,4
2026-03-25,03:00,1.94,6.8,70.2,4
2026-03-25,04:00,1.42,12.4,64.6,4
2026-03-25,05:00,1.58,9.0,73.1,4
2026-03-25,06:00,2.58,11.2,61.7,4
2026-03-25,07:00,2.54,12.9,60.3,4
2026-03-25,08:00,1.87,13.8,61.2,2
2026-03-25,09:00,2.35,15.0,53.4,1
2026-03-25,10:00,1.85,12.7,52.6,2
2026-03-25,11:00,1.76,16.8,54.5,1
2026-03-25,12:00,1.78,14.3,56.3,1
2026-03-25,13:00,1.56,15.4,54.9,1
2026-03-25,14:00,1.9,13.6,53.0,2
2026-03-25,15:00,2.0,12.7,61.7,2
2026-03-25,16:00,1.81,13.8,62.6,2
2026-03-25,17:00,3.48,11.2,67.2,2
2026-03-25,18:00,3.72,9.7,69.1,4
2026-03-25,19:00,3.45,9.8,70.3,4
2026-03-25,20:00,3.41,8.4,67.0,3
2026-03-25,21:00,4.08,9.6,66.8,4
2026-03-25,22:00,2.1,8.2,76.9,3
2026-03-25,23:00,2.48,5.9,68.9,4
2026-03-26,00:00,1.63,6.4,73.5,4
2026-03-26,01:00,1.42,10.2,73.6,4
2026-03-26,02:00,1.71,9.7,72.2,4
2026-03-26,03:00,1.95,7.0,68.1,4
2026-03-26,04:00,1.43,9.8,65.4,4
2026-03-26,05:00,1.38,12.1,65.6,4
2026-03-26,06:00,3.21,9.9,68.8,4
2026-03-26,07:00,2.86,12.6,66.3,4
2026-03-26,08:00,2.3,14.7,57.6,1
2026-03-26,09:00,2.31,15.7,56.8,2
2026-03-26,10:00,1.56,15.6,59.8,2
2026-03-26,11:00,1.66,16.8,62.1,2
2026-03-26,12:00,1.91,13.7,54.1,2
2026-03-26,13:00,1.99,15.5,54.6,2
2026-03-26,14:00,2.13,12.9,52.7,2
2026-03-26,15:00,2.61,10.7,59.4,2
2026-03-26,16:00,1.99,12.5,59.0,2
2026-03-26,17:00,3.63,11.4,65.5,2
2026-03-26,18:00,3.72,11.4,67.0,4
2026-03-26,19:00,3.48,11.0,69.2,3
2026-03-26,20:00,4.15,7.5,69.3,4
2026-03-26,21:00,3.85,7.3,75.8,3
2026-03-26,22:00,2.34,7.6,74.4,4
2026-03-26,23:00,2.47,6.6,78.2,3
2026-03-27,00:00,1.74,8.2,75.9,4
2026-03-27,01:00,1.61,10.3,73.4,4
2026-03-27,02:00,1.82,9.6,71.9,4
2026-03-27,03:00,1.81,9.6,71.2,4
2026-03-27,04:00,1.63,10.2,67.4,4
2026-03-27,05:00,1.27,11.7,65.5,4
2026-03-27,06:00,3.02,13.2,61.6,4
2026-03-27,07:00,2.55,13.3,64.3,4
2026-03-27,08:00,2.38,16.5,56.9,2
2026-03-27,09:00,2.16,15.1,60.1,2
2026-03-27,10:00,1.76,15.4,61.0,2
2026-03-27,11:00,1.54,16.7,50.8,1
2026-03-27,12:00,1.57,15.4,55.1,2
2026-03-27,13:00,1.46,16.0,59.4,1
2026-03-27,14:00,2.02,13.2,55.6,2
2026-03-27,15:00,1.8,13.0,59.6,2
2026-03-27,16:00,1.96,15.1,62.6,2
2026-03-27,17:00,3.18,12.3,64.9,2
2026-03-27,18:00,3.99,10.2,65.3,4
2026-03-27,19:00,3.59,10.1,74.4,4
2026-03-27,20:00,3.37,9.4,66.6,3
2026-03-27,21:00,3.63,7.4,73.9,3
2026-03-27,22:00,2.08,8.5,76.8,3
2026-03-27,23:00,1.82,9.3,75.2,3
2026-03-28,00:00,1.47,10.8,78.8,4
2026-03-28,01:00,1.7,7.8,77.3,4
2026-03-28,02:00,1.53,8.3,73.3,4
2026-03-28,03:00,1.35,10.5,66.1,4
2026-03-28,04:00,1.77,9.8,71.8,4
2026-03-28,05:00,1.64,10.4,62.4,4
2026-03-28,06:00,2.56,11.5,68.2,4
2026-03-28,07:00,3.0,12.6,61.8,4
2026-03-28,08:00,2.48,16.8,56.5,4
2026-03-28,09:00,2.41,14.0,62.3,3
2026-03-28,10:00,2.16,16.4,57.2,3
2026-03-28,11:00,2.13,16.5,57.8,3
2026-03-28,12:00,2.22,15.5,53.0,4
2026-03-28,13:00,2.13,15.9,55.4,3
2026-03-28,14:00,2.46,15.4,60.4,4
2026-03-28,15:00,2.32,14.1,56.1,4
2026-03-28,16:00,2.66,13.1,56.9,4
2026-03-28,17:00,4.06,12.2,66.1,4
2026-03-28,18:00,3.55,12.0,64.4,4
2026-03-28,19:00,3.96,10.9,64.4,4
2026-03-28,20:00,4.06,9.0,67.0,4
2026-03-28,21:00,3.98,7.6,73.6,4
2026-03-28,22:00,2.11,8.9,69.4,4
2026-03-28,23:00,2.07,6.7,75.6,4
2026-03-29,00:00,1.74,6.8,74.7,4
2026-03-29,01:00,1.6,9.1,71.3,4
2026-03-29,02:00,1.58,9.6,66.9,4
2026-03-29,03:00,1.7,11.2,64.7,4
2026-03-29,04:00,1.73,10.3,70.4,4
2026-03-29,05:00,1.47,11.9,63.6,4
2026-03-29,06:00,2.52,12.1,59.2,4
2026-03-29,07:00,2.3,15.2,58.1,4
2026-03-29,08:00,2.69,14.0,61.5,3
2026-03-29,09:00,2.68,14.7,55.4,4
2026-03-29,10:00,2.32,15.4,51.1,4
2026-03-29,11:00,1.9,17.3,58.9,3
2026-03-29,12:00,2.22,17.8,55.2,4
2026-03-29,13:00,1.9,16.9,54.7,4
2026-03-29,14:00,2.17,16.0,59.0,4
2026-03-29,15:00,2.07,15.1,62.5,4
2026-03-29,16:00,2.25,13.5,55.6,3
2026-03-29,17:00,3.48,12.0,66.5,4
2026-03-29,18:00,4.31,8.1,67.0,4
2026-03-29,19:00,4.33,8.7,71.2,3
2026-03-29,20:00,3.41,8.8,65.3,4
2026-03-29,21:00,3.67,10.0,74.1,4
2026-03-29,22:00,2.09,8.9,73.3,3
2026-03-29,23:00,2.61,6.9,75.7,4
2026-03-30,00:00,1.51,9.8,69.9,4
2026-03-30,01:00,1.53,9.3,76.6,4
2026-03-30,02:00,1.75,10.9,70.9,4
2026-03-30,03:00,1.61,9.5,66.2,4
2026-03-30,04:00,1.43,11.0,61.2,4
2026-03-30,05:00,1.6,12.0,69.2,4
2026-03-30,06:00,2.91,13.7,59.5,4
2026-03-30,07:00,2.33,15.0,60.6,3
2026-03-30,08:00,2.4,13.6,54.5,2
2026-03-30,09:00,2.13,17.3,55.3,2
2026-03-30,10:00,1.97,14.7,52.0,2
2026-03-30,11:00,1.46,17.7,56.1,2
2026-03-30,12:00,1.9,16.1,51.7,2
2026-03-30,13:00,1.61,15.5,53.1,1
2026-03-30,14:00,1.71,14.8,62.4,2
2026-03-30,15:00,1.95,13.1,53.5,2
2026-03-30,16:00,1.98,13.1,58.1,1
2026-03-30,17:00,3.09,13.6,64.9,1
2026-03-30,18:00,3.49,12.8,70.8,4
2026-03-30,19:00,3.65,11.0,67.5,3
2026-03-30,20:00,3.78,9.8,70.0,4
2026-03-30,21:00,3.55,8.1,76.6,3
2026-03-30,22:00,2.42,7.7,73.6,4
2026-03-30,23:00,2.33,8.0,72.3,4
2026-03-31,00:00,1.6,9.0,73.6,4
2026-03-31,01:00,1.86,5.0,71.2,4
2026-03-31,02:00,1.22,11.4,74.1,4
2026-03-31,03:00,1.32,11.4,67.6,4
2026-03-31,04:00,1.53,12.1,63.0,4
2026-03-31,05:00,1.28,13.6,60.2,4
2026-03-31,06:00,2.96,14.9,59.5,4
2026-03-31,07:00,2.46,14.5,56.7,4
2026-03-31,08:00,1.47,16.6,58.3,1
2026-03-31,09:00,1.91,16.6,55.0,1
2026-03-31,10:00,1.46,17.2,59.2,2
2026-03-31,11:00,1.34,16.6,52.4,1
2026-03-31,12:00,1.65,14.5,51.8,1
2026-03-31,13:00,1.76,18.0,51.8,2
2026-03-31,14:00,1.66,16.2,62.9,1
2026-03-31,15:00,1.44,15.9,62.1,1
2026-03-31,16:00,1.61,13.5,65.8,2
2026-03-31,17:00,3.47,12.4,61.0,1
2026-03-31,18:00,3.5,11.2,65.4,4
2026-03-31,19:00,3.66,11.2,67.7,3
2026-03-31,20:00,3.73,10.1,76.7,3
2026-03-31,21:00,3.46,10.3,72.0,4
2026-03-31,22:00,2.08,9.9,72.9,3
2026-03-31,23:00,2.1,10.3,79.8,4
2026-04-01,00:00,1.26,10.7,70.4,4
2026-04-01,01:00,1.54,10.9,76.7,4
2026-04-01,02:00,1.45,9.6,71.2,4
2026-04-01,03:00,1.28,12.2,67.3,4
2026-04-01,04:00,1.44,12.7,63.6,4
2026-04-01,05:00,1.26,11.9,66.6,4
2026-04-01,06:00,3.08,14.1,58.7,4
2026-04-01,07:00,2.69,12.9,55.4,3
2026-04-01,08:00,2.14,16.7,58.4,2
2026-04-01,09:00,1.54,17.1,56.4,1
2026-04-01,10:00,1.98,17.5,50.3,1
2026-04-01,11:00,1.81,18.1,55.6,2
2026-04-01,12:00,1.63,18.2,54.9,2
2026-04-01,13:00,1.45,17.7,57.5,1
2026-04-01,14:00,1.68,18.1,58.8,1
2026-04-01,15:00,1.77,17.2,60.1,2
2026-04-01,16:00,1.61,15.6,60.2,1
2026-04-01,17:00,3.34,13.7,62.1,1
2026-04-01,18:00,3.37,14.1,63.4,3
2026-04-01,19:00,3.62,12.4,74.4,4
2026-04-01,20:00,3.71,12.7,72.7,3
2026-04-01,21:00,4.06,10.0,72.8,4
2026-04-01,22:00,2.42,10.2,75.5,4
2026-04-01,23:00,2.06,8.5,74.3,3
2026-04-02,00:00,1.46,11.3,69.4,4
2026-04-02,01:00,1.45,10.3,74.0,4
2026-04-02,02:00,1.41,9.9,72.0,4
2026-04-02,03:00,1.66,11.2,70.2,4
2026-04-02,04:00,1.0,13.5,70.5,4
2026-04-02,05:00,0.96,13.4,65.4,4
2026-04-02,06:00,2.27,15.4,58.4,4
2026-04-02,07:00,2.58,15.2,61.3,3
2026-04-02,08:00,2.53,14.3,60.8,2
2026-04-02,09:00,1.86,16.9,56.7,1
2026-04-02,10:00,1.72,19.0,52.4,1
2026-04-02,11:00,1.64,19.0,55.9,2
2026-04-02,12:00,1.57,18.9,56.9,2
2026-04-02,13:00,1.74,17.0,58.8,2
2026-04-02,14:00,1.42,18.1,56.9,1
2026-04-02,15:00,1.65,18.6,55.0,2
2026-04-02,16:00,1.71,15.4,65.4,1
2026-04-02,17:00,3.27,16.8,64.6,2
2026-04-02,18:00,3.75,12.2,66.6,4
2026-04-02,19:00,3.6,12.5,66.2,4
2026-04-02,20:00,3.94,9.8,69.4,4
2026-04-02,21:00,4.12,7.2,70.6,4
2026-04-02,22:00,2.19,9.7,71.6,3
2026-04-02,23:00,1.81,11.5,76.4,4
2026-04-03,00:00,1.49,13.7,72.0,4
2026-04-03,01:00,1.32,11.3,74.6,4
2026-04-03,02:00,1.33,9.8,71.4,4
2026-04-03,03:00,1.4,13.8,65.2,4
2026-04-03,04:00,1.21,13.4,70.8,4
2026-04-03,05:00,0.8,15.8,64.0,4
2026-04-03,06:00,2.42,13.7,61.0,4
2026-04-03,07:00,3.02,15.7,58.4,4
2026-04-03,08:00,2.2,17.2,57.1,1
2026-04-03,09:00,2.09,18.1,57.3,2
2026-04-03,10:00,1.53,17.8,55.3,1
2026-04-03,11:00,1.79,17.8,52.9,2
2026-04-03,12:00,1.53,19.8,58.9,2
2026-04-03,13:00,1.81,19.4,55.4,2
2026-04-03,14:00,1.77,16.1,58.4,2
2026-04-03,15:00,2.03,14.6,61.8,2
2026-04-03,16:00,1.75,15.3,66.5,2
2026-04-03,17:00,3.27,15.5,58.3,1
2026-04-03,18:00,3.05,13.6,72.2,3
2026-04-03,19:00,3.58,13.0,71.2,4
2026-04-03,20:00,3.76,11.7,77.0,4
2026-04-03,21:00,3.14,12.2,72.8,4
2026-04-03,22:00,2.08,10.8,75.6,4
2026-04-03,23:00,1.73,13.2,75.3,3
2026-04-04,00:00,1.22,12.5,73.2,4
2026-04-04,01:00,1.46,10.6,76.8,4
2026-04-04,02:00,1.18,13.4,66.8,4
2026-04-04,03:00,1.47,12.0,70.2,4
2026-04-04,04:00,1.1,15.2,64.6,4
2026-04-04,05:00,1.22,12.6,62.2,4
2026-04-04,06:00,2.43,14.6,62.4,4
2026-04-04,07:00,2.18,15.7,60.7,4
2026-04-04,08:00,2.74,18.1,57.0,4
2026-04-04,09:00,2.83,18.2,61.3,4
2026-04-04,10:00,1.99,19.4,51.4,3
2026-04-04,11:00,2.36,18.7,57.6,3
2026-04-04,12:00,2.34,18.1,55.5,4
2026-04-04,13:00,2.02,18.2,61.3,4
2026-04-04,14:00,2.24,18.5,59.9,3
2026-04-04,15:00,2.03,17.0,62.7,3
2026-04-04,16:00,1.93,15.0,59.6,3
2026-04-04,17:00,3.68,14.4,65.9,4
2026-04-04,18:00,3.45,16.4,70.5,4
2026-04-04,19:00,3.35,12.7,69.3,4
2026-04-04,20:00,3.98,8.4,71.7,4
2026-04-04,21:00,3.42,10.2,71.6,4
2026-04-04,22:00,2.25,10.7,79.2,4
2026-04-04,23:00,1.81,12.4,68.0,4
2026-04-05,00:00,1.47,11.1,81.4,4
2026-04-05,01:00,1.23,11.7,74.7,4
2026-04-05,02:00,1.25,13.4,74.4,4
2026-04-05,03:00,1.28,11.2,68.4,4
2026-04-05,04:00,1.3,13.6,66.1,4
2026-04-05,05:00,1.07,15.2,62.7,4
2026-04-05,06:00,2.58,16.3,62.9,4
2026-04-05,07:00,2.56,14.9,60.8,4
2026-04-05,08:00,2.46,18.1,56.8,4
2026-04-05,09:00,2.11,19.4,56.6,4
2026-04-05,10:00,2.27,19.0,58.7,4
2026-04-05,11:00,2.39,20.9,52.9,4
2026-04-05,12:00,2.0,18.5,57.7,4
2026-04-05,13:00,2.18,19.1,50.4,4
2026-04-05,14:00,2.06,18.7,56.4,4
2026-04-05,15:00,2.0,18.4,59.7,3
2026-04-05,16:00,2.39,16.5,70.3,4
2026-04-05,17:00,3.45,16.8,66.3,3
2026-04-05,18:00,3.34,14.3,65.8,4
2026-04-05,19:00,3.77,11.2,66.5,4
2026-04-05,20:00,3.48,15.4,71.0,4
2026-04-05,21:00,3.96,9.7,68.4,4
2026-04-05,22:00,1.6,11.4,71.8,3
2026-04-05,23:00,1.92,11.9,74.3,4
2026-04-06,00:00,1.42,11.4,80.7,4
2026-04-06,01:00,1.18,13.1,76.3,4
2026-04-06,02:00,1.31,13.1,71.5,4
2026-04-06,03:00,1.07,15.8,65.4,4
2026-04-06,04:00,1.03,14.8,63.5,4
2026-04-06,05:00,1.08,14.7,60.7,4
2026-04-06,06:00,2.53,17.1,64.5,4
2026-04-06,07:00,2.24,17.0,61.4,4
2026-04-06,08:00,2.21,16.3,54.9,1
2026-04-06,09:00,2.24,17.9,57.6,2
2026-04-06,10:00,1.73,19.0,47.0,2
2026-04-06,11:00,1.66,20.7,63.0,2
2026-04-06,12:00,1.68,18.8,56.3,2
2026-04-06,13:00,1.68,20.8,53.9,2
2026-04-06,14:00,1.89,19.7,58.9,2
2026-04-06,15:00,1.32,17.3,63.8,1
2026-04-06,16:00,1.81,14.9,66.2,2
2026-04-06,17:00,3.04,17.0,65.3,2
2026-04-06,18:00,3.76,14.9,63.6,4
2026-04-06,19:00,3.84,14.7,67.0,4
2026-04-06,20:00,3.65,13.0,72.3,4
2026-04-06,21:00,3.76,13.2,71.7,4
2026-04-06,22:00,1.4,14.8,74.9,3
2026-04-06,23:00,1.8,12.0,72.7,4
2026-04-07,00:00,1.37,12.9,70.0,4
2026-04-07,01:00,1.46,12.0,71.6,4
2026-04-07,02:00,1.12,12.6,72.8,4
2026-04-07,03:00,0.99,14.4,76.5,4
2026-04-07,04:00,1.02,15.7,68.9,4
2026-04-07,05:00,0.95,16.4,65.7,4
2026-04-07,06:00,1.88,16.9,64.6,4
2026-04-07,07:00,2.42,18.2,63.9,4
2026-04-07,08:00,1.91,20.1,55.0,1
2026-04-07,09:00,1.89,22.1,51.4,1
2026-04-07,10:00,2.08,20.1,54.1,1
2026-04-07,11:00,1.41,21.0,53.8,1
2026-04-07,12:00,1.74,17.9,52.3,2
2026-04-07,13:00,1.6,21.5,59.7,1
2026-04-07,14:00,1.64,18.7,58.7,2
2026-04-07,15:00,1.71,20.4,59.4,2
2026-04-07,16:00,1.95,14.7,61.8,2
2026-04-07,17:00,2.78,15.1,62.7,1
2026-04-07,18:00,3.19,15.5,69.3,4
2026-04-07,19:00,3.44,13.9,66.6,3
2026-04-07,20:00,3.25,11.6,74.3,4
2026-04-07,21:00,3.66,14.3,72.7,4
2026-04-07,22:00,1.7,14.8,75.0,4
2026-04-07,23:00,1.78,11.3,73.1,4
2026-04-08,00:00,1.23,15.5,74.3,4
2026-04-08,01:00,1.28,14.3,79.6,4
2026-04-08,02:00,1.34,11.4,67.5,4
2026-04-08,03:00,1.32,14.7,72.5,4
2026-04-08,04:00,0.97,15.7,65.8,4
2026-04-08,05:00,1.42,16.3,62.3,4
2026-04-08,06:00,2.56,19.4,64.5,4
2026-04-08,07:00,2.34,19.7,57.5,4
2026-04-08,08:00,2.05,21.2,52.3,1
2026-04-08,09:00,1.89,22.1,55.9,2
2026-04-08,10:00,1.83,21.5,56.7,2
2026-04-08,11:00,1.9,20.6,60.3,2
2026-04-08,12:00,1.83,20.0,57.8,2
2026-04-08,13:00,1.9,19.9,55.3,2
2026-04-08,14:00,1.78,19.6,58.7,1
2026-04-08,15:00,1.69,21.9,58.4,2
2026-04-08,16:00,1.78,18.0,62.7,2
2026-04-08,17:00,3.14,16.3,61.2,2
2026-04-08,18:00,3.27,16.4,69.9,4
2026-04-08,19:00,3.05,15.1,65.8,3
2026-04-08,20:00,3.46,14.9,72.8,4
2026-04-08,21:00,4.0,12.1,74.8,4
2026-04-08,22:00,1.3,15.0,75.4,3
2026-04-08,23:00,2.01,11.1,77.3,3
2026-04-09,00:00,1.41,12.9,74.0,4
2026-04-09,01:00,1.46,11.7,76.6,4
2026-04-09,02:00,1.06,14.4,67.7,4
2026-04-09,03:00,0.9,15.9,65.8,4
2026-04-09,04:00,1.15,17.9,66.6,4
2026-04-09,05:00,1.3,15.2,64.8,4
2026-04-09,06:00,2.37,18.4,65.9,4
2026-04-09,07:00,2.73,20.0,53.1,4
2026-04-09,08:00,2.66,19.2,57.8,2
2026-04-09,09:00,1.65,19.1,58.8,1
2026-04-09,10:00,1.49,21.0,55.6,1
2026-04-09,11:00,1.86,20.6,55.9,2
2026-04-09,12:00,1.81,20.4,52.7,2
2026-04-09,13:00,1.58,20.7,58.8,2
2026-04-09,14:00,1.46,18.0,56.3,1
2026-04-09,15:00,1.83,19.2,58.1,2
2026-04-09,16:00,1.74,18.0,62.9,2
2026-04-09,17:00,3.14,17.6,64.9,1
2026-04-09,18:00,3.42,15.0,66.2,4
2026-04-09,19:00,3.92,14.4,72.0,4
2026-04-09,20:00,3.16,14.8,69.1,4
2026-04-09,21:00,3.69,13.2,70.4,4
2026-04-09,22:00,1.67,14.0,76.7,4
2026-04-09,23:00,1.85,10.9,76.4,4
2026-04-10,00:00,1.02,14.2,76.5,4
2026-04-10,01:00,1.46,13.4,73.4,4
2026-04-10,02:00,1.24,14.2,70.8,4
2026-04-10,03:00,1.07,13.7,76.6,4
2026-04-10,04:00,1.29,16.4,70.8,4
2026-04-10,05:00,1.13,16.0,71.0,4
2026-04-10,06:00,2.77,17.4,63.9,4
2026-04-10,07:00,2.47,18.5,59.7,4
2026-04-10,08:00,1.8,21.3,56.0,1
2026-04-10,09:00,2.07,22.4,63.9,2
2026-04-10,10:00,1.63,20.9,60.7,2
2026-04-10,11:00,1.82,21.0,57.3,2
2026-04-10,12:00,1.88,22.6,55.4,2
2026-04-10,13:00,1.48,22.4,59.8,1
2026-04-10,14:00,1.55,21.9,56.4,1
2026-04-10,15:00,1.46,19.6,57.0,2
2026-04-10,16:00,1.68,20.3,60.3,2
2026-04-10,17:00,2.88,17.0,64.2,2
2026-04-10,18:00,3.38,17.4,71.7,4
2026-04-10,19:00,3.53,16.3,71.6,4
2026-04-10,20:00,3.0,15.5,74.0,3
2026-04-10,21:00,3.49,11.1,74.8,3
2026-04-10,22:00,1.52,14.2,78.2,3
2026-04-10,23:00,1.78,12.9,75.1,4
